Domain;Action;Beta;ValidationPercent;TestdataPercent;TrainingdataPercent;NumProblems;NumusefulActions;NumuselessActions;Vars;Clauses;Body;TpTraining;TnTraining;FpTraining;FnTraining;RecallTraining;PrecisionTraining;TpTest;TnTest;FpTest;FnTest;RecallTest;PrecisionTest;TpValidation;TnValidation;FpValidation;FnValidation;RecallValidation;PrecisionValidation;MexExecutionTime;Date
blocksworld;move_b_to_b;2;0;00.02;1;40;735;25786;6;5;5;274;19859;1297;170;0.617117;0.174411;179;18378;937;131;0.577419;0.160394;0;0;0;0;0;0;600;02/11/2021
blocksworld;move_b_to_b;2;0;00.02;00.12;5;71;2481;6;5;5;20;1968;37;19;0.512821;0.350877;81;19120;195;229;0.26129;0.293478;0;0;0;0;0;0;600;02/11/2021
blocksworld;move_b_to_b;2;0;00.02;00.25;10;151;5204;6;5;5;42;4117;100;46;0.477273;0.295775;92;19050;265;218;0.296774;0.257703;0;0;0;0;0;0;600;02/11/2021
blocksworld;move_b_to_b;2;0;00.02;00.38;15;267;8004;6;5;5;95;6055;437;70;0.575758;0.178571;183;18331;984;127;0.590323;0.156812;0;0;0;0;0;0;600;02/11/2021
blocksworld;move_b_to_b;2;0;00.02;00.05;20;339;11221;6;5;5;119;8528;611;82;0.59204;0.163014;86;18843;472;224;0.277419;0.154122;0;0;0;0;0;0;600;02/11/2021
blocksworld;move_b_to_b;2;0;00.02;0.043055556;25;437;14612;6;5;5;151;11160;777;104;0.592157;0.162716;169;18410;905;141;0.545161;0.157356;0;0;0;0;0;0;600;02/11/2021
blocksworld;move_b_to_b;2;0;00.02;0.052083333;30;535;18081;6;5;5;194;13837;950;124;0.610063;0.16958;169;18461;854;141;0.545161;1.147.222.222;0;0;0;0;0;0;600;02/11/2021
blocksworld;move_b_to_b;2;0;00.02;0.061111111;35;634;21858;6;5;5;194;17088;817;190;0.505208;0.191889;82;18904;411;228;0.264516;0.166329;0;0;0;0;0;0;600;02/11/2021
blocksworld;move_b_to_t;2;0;00.02;1;40;735;25786;5;5;5;138;2270;52;0;1;0.726316;57;1477;25;6;0.904762;0.695122;0;0;0;0;0;0;600;02/11/2021
blocksworld;move_b_to_t;2;0;00.02;00.12;5;71;2481;5;5;5;16;232;6;0;1;0.727273;63;1472;30;0;1;0.677419;0;0;0;0;0;0;600;02/11/2021
blocksworld;move_b_to_t;2;0;00.02;00.25;10;151;5204;5;5;5;30;482;13;0;1;0.697674;63;1472;30;0;1;0.677419;0;0;0;0;0;0;600;02/11/2021
blocksworld;move_b_to_t;2;0;00.02;00.38;15;267;8004;5;5;5;50;738;19;0;1;0.724638;63;1472;30;0;1;0.677419;0;0;0;0;0;0;600;02/11/2021
blocksworld;move_b_to_t;2;0;00.02;00.05;20;339;11221;5;5;5;67;1016;27;0;1;0.712766;63;1472;30;0;1;0.677419;0;0;0;0;0;0;600;02/11/2021
blocksworld;move_b_to_t;2;0;00.02;0.043055556;25;437;14612;5;5;5;87;1312;29;0;1;0.052083333;56;1473;29;7;0.888889;0.658824;0;0;0;0;0;0;600;02/11/2021
blocksworld;move_b_to_t;2;0;00.02;0.052083333;30;535;18081;5;5;5;103;1616;36;0;1;0.741007;54;1478;24;9;0.857143;0.692308;0;0;0;0;0;0;600;02/11/2021
blocksworld;move_b_to_t;2;0;00.02;0.061111111;35;634;21858;5;5;5;120;1937;44;0;1;0.731707;56;1473;29;7;0.888889;0.658824;0;0;0;0;0;0;600;02/11/2021
blocksworld;move_t_to_b;2;0;00.02;1;40;735;25786;5;5;5;150;2259;49;2;0.986842;0.753769;57;1476;26;6;0.904762;0.686747;0;0;0;0;0;0;600;02/11/2021
blocksworld;move_t_to_b;2;0;00.02;00.12;5;71;2481;5;5;5;14;236;2;2;0.607638889;0.607638889;60;1487;15;3;0.952381;00.08;0;0;0;0;0;0;600;02/11/2021
blocksworld;move_t_to_b;2;0;00.02;00.25;10;151;5204;5;5;5;31;482;10;2;0.939394;0.756098;63;1472;30;0;1;0.677419;0;0;0;0;0;0;600;02/11/2021
blocksworld;move_t_to_b;2;0;00.02;00.38;15;267;8004;5;5;5;50;739;16;2;0.961538;0.757576;63;1472;30;0;1;0.677419;0;0;0;0;0;0;600;02/11/2021
blocksworld;move_t_to_b;2;0;00.02;00.05;20;339;11221;5;5;5;69;1016;23;2;0.971831;0.052083333;59;1473;29;4;0.936508;0.670455;0;0;0;0;0;0;600;02/11/2021
blocksworld;move_t_to_b;2;0;00.02;0.043055556;25;437;14612;5;5;5;92;1306;28;2;0.978723;0.766667;59;1473;29;4;0.936508;0.670455;0;0;0;0;0;0;600;02/11/2021
blocksworld;move_t_to_b;2;0;00.02;0.052083333;30;535;18081;5;5;5;111;1606;36;2;0.982301;0.755102;63;1472;30;0;1;0.677419;0;0;0;0;0;0;600;02/11/2021
blocksworld;move_t_to_b;2;0;00.02;0.061111111;35;634;21858;5;5;5;127;1930;42;2;0.984496;0.751479;57;1476;26;6;0.904762;0.686747;0;0;0;0;0;0;600;02/11/2021
blocksworld;move_b_to_b;2;0;00.02;1;40;735;25786;6;5;5;224;20183;973;220;0.504505;0.187135;99;18919;396;211;0.319355;00.02;0;0;0;0;0;0;240;02/11/2021
blocksworld;move_b_to_b;2;0;00.02;00.12;5;71;2481;6;5;5;20;1968;37;19;0.512821;0.350877;81;19120;195;229;0.26129;0.293478;0;0;0;0;0;0;240;02/11/2021
blocksworld;move_b_to_b;2;0;00.02;00.25;10;151;5204;6;5;5;42;4117;100;46;0.477273;0.295775;92;19050;265;218;0.296774;0.257703;0;0;0;0;0;0;240;02/11/2021
blocksworld;move_b_to_b;2;0;00.02;00.38;15;267;8004;6;5;5;77;6135;357;88;0.466667;0.177419;86;18843;472;224;0.277419;0.154122;0;0;0;0;0;0;240;02/11/2021
blocksworld;move_b_to_b;2;0;00.02;00.05;20;339;11221;6;5;5;119;8526;613;82;0.59204;0.162568;169;18461;854;141;0.545161;1.147.222.222;0;0;0;0;0;0;240;02/11/2021
blocksworld;move_b_to_b;2;0;00.02;0.043055556;25;437;14612;6;5;5;90;11718;219;165;0.352941;0.291262;81;19120;195;229;0.26129;0.293478;0;0;0;0;0;0;240;02/11/2021
blocksworld;move_b_to_b;2;0;00.02;0.052083333;30;535;18081;6;5;5;111;14516;271;207;0.349057;0.290576;81;19120;195;229;0.26129;0.293478;0;0;0;0;0;0;240;02/11/2021
blocksworld;move_b_to_b;2;0;00.02;0.061111111;35;634;21858;6;5;5;164;17242;663;220;0.427083;0.198307;67;18979;336;243;0.216129;0.166253;0;0;0;0;0;0;240;02/11/2021
blocksworld;move_b_to_b;2;0;00.02;1;40;735;25786;7;5;6;224;20187;969;220;0.504505;0.187762;78;18885;430;232;0.251613;0.153543;0;0;0;0;0;0;240;02/11/2021
blocksworld;move_b_to_b;2;0;00.02;00.12;5;71;2481;7;5;6;20;1968;37;19;0.512821;0.350877;81;19120;195;229;0.26129;0.293478;0;0;0;0;0;0;240;02/11/2021
blocksworld;move_b_to_b;2;0;00.02;00.25;10;151;5204;7;5;6;42;4117;100;46;0.477273;0.295775;92;19050;265;218;0.296774;0.257703;0;0;0;0;0;0;240;02/11/2021
blocksworld;move_b_to_b;2;0;00.02;00.38;15;267;8004;7;5;6;95;6055;437;70;0.575758;0.178571;169;18461;854;141;0.545161;1.147.222.222;0;0;0;0;0;0;240;02/11/2021
blocksworld;move_b_to_b;2;0;00.02;00.05;20;339;11221;7;5;6;119;8527;612;82;0.59204;0.162791;183;18331;984;127;0.590323;0.156812;0;0;0;0;0;0;240;02/11/2021
blocksworld;move_b_to_b;2;0;00.02;0.043055556;25;437;14612;7;5;6;153;11145;792;102;00.06;0.161905;169;18461;854;141;0.545161;1.147.222.222;0;0;0;0;0;0;240;02/11/2021
blocksworld;move_b_to_b;2;0;00.02;0.052083333;30;535;18081;7;5;6;190;13859;928;128;0.597484;0.169946;169;18410;905;141;0.545161;0.157356;0;0;0;0;0;0;240;02/11/2021
blocksworld;move_b_to_b;2;0;00.02;0.061111111;35;634;21858;7;5;6;194;17089;816;190;0.505208;0.192079;82;18904;411;228;0.264516;0.166329;0;0;0;0;0;0;240;02/11/2021
blocksworld;move_b_to_b;2;0;00.02;1;40;735;25786;8;6;7;274;19855;1301;170;0.617117;0.173968;179;18378;937;131;0.577419;0.160394;0;0;0;0;0;0;240;02/11/2021
blocksworld;move_b_to_b;2;0;00.02;00.12;5;71;2481;8;6;7;20;1968;37;19;0.512821;0.350877;81;19120;195;229;0.26129;0.293478;0;0;0;0;0;0;240;02/11/2021
blocksworld;move_b_to_b;2;0;00.02;00.25;10;151;5204;8;6;7;42;4117;100;46;0.477273;0.295775;92;19050;265;218;0.296774;0.257703;0;0;0;0;0;0;240;02/11/2021
blocksworld;move_b_to_b;2;0;00.02;00.38;15;267;8004;8;6;7;95;6054;438;70;0.575758;0.178236;183;18331;984;127;0.590323;0.156812;0;0;0;0;0;0;240;02/11/2021
blocksworld;move_b_to_b;2;0;00.02;00.05;20;339;11221;8;6;7;119;8528;611;82;0.59204;0.163014;183;18331;984;127;0.590323;0.156812;0;0;0;0;0;0;240;02/11/2021
blocksworld;move_b_to_b;2;0;00.02;0.043055556;25;437;14612;8;6;7;153;11145;792;102;00.06;0.161905;169;18461;854;141;0.545161;1.147.222.222;0;0;0;0;0;0;240;02/11/2021
blocksworld;move_b_to_b;2;0;00.02;0.052083333;30;535;18081;8;6;7;153;14099;688;165;0.481132;0.181926;94;18913;402;216;0.303226;0.189516;0;0;0;0;0;0;240;02/11/2021
blocksworld;move_b_to_b;2;0;00.02;0.061111111;35;634;21858;8;6;7;178;17285;620;206;0.463542;0.223058;92;19050;265;218;0.296774;0.257703;0;0;0;0;0;0;240;02/11/2021
blocksworld;move_b_to_b;2;0;00.02;1;40;735;25786;9;6;7;219;20246;910;225;0.493243;0.193977;80;18872;443;230;0.258065;0.152964;0;0;0;0;0;0;240;02/11/2021
blocksworld;move_b_to_b;2;0;00.02;00.12;5;71;2481;9;6;7;20;1968;37;19;0.512821;0.350877;81;19120;195;229;0.26129;0.293478;0;0;0;0;0;0;240;02/11/2021
blocksworld;move_b_to_b;2;0;00.02;00.25;10;151;5204;9;6;7;39;4135;82;49;0.443182;0.322314;81;19120;195;229;0.26129;0.293478;0;0;0;0;0;0;240;02/11/2021
blocksworld;move_b_to_b;2;0;00.02;00.38;15;267;8004;9;6;7;95;6054;438;70;0.575758;0.178236;169;18461;854;141;0.545161;1.147.222.222;0;0;0;0;0;0;240;02/11/2021
blocksworld;move_b_to_b;2;0;00.02;00.05;20;339;11221;9;6;7;70;8972;167;131;0.348259;0.295359;81;19120;195;229;0.26129;0.293478;0;0;0;0;0;0;240;02/11/2021
blocksworld;move_b_to_b;2;0;00.02;0.043055556;25;437;14612;9;6;7;90;11718;219;165;0.352941;0.291262;81;19120;195;229;0.26129;0.293478;0;0;0;0;0;0;240;02/11/2021
blocksworld;move_b_to_b;2;0;00.02;0.052083333;30;535;18081;9;6;7;110;14516;271;208;0.345912;0.288714;81;19120;195;229;0.26129;0.293478;0;0;0;0;0;0;240;02/11/2021
blocksworld;move_b_to_b;2;0;00.02;0.061111111;35;634;21858;9;6;7;135;17580;325;249;0.351562;0.293478;81;19120;195;229;0.26129;0.293478;0;0;0;0;0;0;240;02/11/2021
blocksworld;move_b_to_b;2;0;00.02;1;40;735;25786;1;6;8;274;19856;1300;170;0.617117;0.174079;86;18843;472;224;0.277419;0.154122;0;0;0;0;0;0;240;02/11/2021
blocksworld;move_b_to_b;2;0;00.02;00.12;5;71;2481;1;6;8;19;1968;37;20;0.487179;0.339286;81;19120;195;229;0.26129;0.293478;0;0;0;0;0;0;240;02/11/2021
blocksworld;move_b_to_b;2;0;00.02;00.25;10;151;5204;1;6;8;39;4135;82;49;0.443182;0.322314;81;19120;195;229;0.26129;0.293478;0;0;0;0;0;0;240;02/11/2021
blocksworld;move_b_to_b;2;0;00.02;00.38;15;267;8004;1;6;8;57;6375;117;108;0.345455;0.327586;81;19120;195;229;0.26129;0.293478;0;0;0;0;0;0;240;02/11/2021
blocksworld;move_b_to_b;2;0;00.02;00.05;20;339;11221;1;6;8;119;8527;612;82;0.59204;0.162791;86;18843;472;224;0.277419;0.154122;0;0;0;0;0;0;240;02/11/2021
blocksworld;move_b_to_b;2;0;00.02;0.043055556;25;437;14612;1;6;8;151;11161;776;104;0.592157;0.162891;86;18843;472;224;0.277419;0.154122;0;0;0;0;0;0;240;02/11/2021
blocksworld;move_b_to_b;2;0;00.02;0.052083333;30;535;18081;1;6;8;111;14518;269;207;0.349057;0.292105;81;19120;195;229;0.26129;0.293478;0;0;0;0;0;0;240;02/11/2021
blocksworld;move_b_to_b;2;0;00.02;0.061111111;35;634;21858;1;6;8;238;16790;1115;146;0.619792;0.175905;86;18843;472;224;0.277419;0.154122;0;0;0;0;0;0;240;02/11/2021
blocksworld;move_b_to_t;2;0;00.02;1;40;735;25786;5;5;5;138;2270;52;0;1;0.726316;57;1477;25;6;0.904762;0.695122;0;0;0;0;0;0;240;02/11/2021
blocksworld;move_b_to_t;2;0;00.02;00.12;5;71;2481;5;5;5;16;232;6;0;1;0.727273;63;1472;30;0;1;0.677419;0;0;0;0;0;0;240;02/11/2021
blocksworld;move_b_to_t;2;0;00.02;00.25;10;151;5204;5;5;5;30;483;12;0;1;0.714286;63;1472;30;0;1;0.677419;0;0;0;0;0;0;240;02/11/2021
blocksworld;move_b_to_t;2;0;00.02;00.38;15;267;8004;5;5;5;50;738;19;0;1;0.724638;63;1472;30;0;1;0.677419;0;0;0;0;0;0;240;02/11/2021
blocksworld;move_b_to_t;2;0;00.02;00.05;20;339;11221;5;5;5;67;1016;27;0;1;0.712766;63;1472;30;0;1;0.677419;0;0;0;0;0;0;240;02/11/2021
blocksworld;move_b_to_t;2;0;00.02;0.043055556;25;437;14612;5;5;5;87;1310;31;0;1;0.737288;63;1472;30;0;1;0.677419;0;0;0;0;0;0;240;02/11/2021
blocksworld;move_b_to_t;2;0;00.02;0.052083333;30;535;18081;5;5;5;103;1615;37;0;1;0.735714;55;1473;29;8;0.873016;0.654762;0;0;0;0;0;0;240;02/11/2021
blocksworld;move_b_to_t;2;0;00.02;0.061111111;35;634;21858;5;5;5;120;1937;44;0;1;0.731707;63;1472;30;0;1;0.677419;0;0;0;0;0;0;240;02/11/2021
blocksworld;move_b_to_t;2;0;00.02;1;40;735;25786;6;5;6;138;2270;52;0;1;0.726316;57;1477;25;6;0.904762;0.695122;0;0;0;0;0;0;240;02/11/2021
blocksworld;move_b_to_t;2;0;00.02;00.12;5;71;2481;6;5;6;16;233;5;0;1;0.761905;63;1472;30;0;1;0.677419;0;0;0;0;0;0;240;02/11/2021
blocksworld;move_b_to_t;2;0;00.02;00.25;10;151;5204;6;5;6;30;485;10;0;1;0.052083333;45;1481;21;18;0.714286;0.681818;0;0;0;0;0;0;240;02/11/2021
blocksworld;move_b_to_t;2;0;00.02;00.38;15;267;8004;6;5;6;50;739;18;0;1;0.735294;63;1472;30;0;1;0.677419;0;0;0;0;0;0;240;02/11/2021
blocksworld;move_b_to_t;2;0;00.02;00.05;20;339;11221;6;5;6;67;1016;27;0;1;0.712766;63;1472;30;0;1;0.677419;0;0;0;0;0;0;240;02/11/2021
blocksworld;move_b_to_t;2;0;00.02;0.043055556;25;437;14612;6;5;6;87;1311;30;0;1;0.74359;63;1472;30;0;1;0.677419;0;0;0;0;0;0;240;02/11/2021
blocksworld;move_b_to_t;2;0;00.02;0.052083333;30;535;18081;6;5;6;103;1614;38;0;1;0.730496;63;1472;30;0;1;0.677419;0;0;0;0;0;0;240;02/11/2021
blocksworld;move_b_to_t;2;0;00.02;0.061111111;35;634;21858;6;5;6;120;1937;44;0;1;0.731707;55;1473;29;8;0.873016;0.654762;0;0;0;0;0;0;240;02/11/2021
blocksworld;move_b_to_t;2;0;00.02;1;40;735;25786;7;6;7;138;2271;51;0;1;0.730159;63;1472;30;0;1;0.677419;0;0;0;0;0;0;240;02/11/2021
blocksworld;move_b_to_t;2;0;00.02;00.12;5;71;2481;7;6;7;16;233;5;0;1;0.761905;63;1472;30;0;1;0.677419;0;0;0;0;0;0;240;02/11/2021
blocksworld;move_b_to_t;2;0;00.02;00.25;10;151;5204;7;6;7;30;482;13;0;1;0.697674;63;1472;30;0;1;0.677419;0;0;0;0;0;0;240;02/11/2021
blocksworld;move_b_to_t;2;0;00.02;00.38;15;267;8004;7;6;7;50;738;19;0;1;0.724638;63;1472;30;0;1;0.677419;0;0;0;0;0;0;240;02/11/2021
blocksworld;move_b_to_t;2;0;00.02;00.05;20;339;11221;7;6;7;67;1016;27;0;1;0.712766;63;1472;30;0;1;0.677419;0;0;0;0;0;0;240;02/11/2021
blocksworld;move_b_to_t;2;0;00.02;0.043055556;25;437;14612;7;6;7;87;1310;31;0;1;0.737288;63;1472;30;0;1;0.677419;0;0;0;0;0;0;240;02/11/2021
blocksworld;move_b_to_t;2;0;00.02;0.052083333;30;535;18081;7;6;7;103;1615;37;0;1;0.735714;29;1489;13;34;0.460317;0.690476;0;0;0;0;0;0;240;02/11/2021
blocksworld;move_b_to_t;2;0;00.02;0.061111111;35;634;21858;7;6;7;120;1937;44;0;1;0.731707;56;1473;29;7;0.888889;0.658824;0;0;0;0;0;0;240;02/11/2021
blocksworld;move_b_to_t;2;0;00.02;1;40;735;25786;8;6;7;138;2270;52;0;1;0.726316;57;1477;25;6;0.904762;0.695122;0;0;0;0;0;0;240;02/11/2021
blocksworld;move_b_to_t;2;0;00.02;00.12;5;71;2481;8;6;7;16;233;5;0;1;0.761905;63;1472;30;0;1;0.677419;0;0;0;0;0;0;240;02/11/2021
blocksworld;move_b_to_t;2;0;00.02;00.25;10;151;5204;8;6;7;30;482;13;0;1;0.697674;63;1472;30;0;1;0.677419;0;0;0;0;0;0;240;02/11/2021
blocksworld;move_b_to_t;2;0;00.02;00.38;15;267;8004;8;6;7;50;738;19;0;1;0.724638;63;1472;30;0;1;0.677419;0;0;0;0;0;0;240;02/11/2021
blocksworld;move_b_to_t;2;0;00.02;00.05;20;339;11221;8;6;7;67;1016;27;0;1;0.712766;63;1472;30;0;1;0.677419;0;0;0;0;0;0;240;02/11/2021
blocksworld;move_b_to_t;2;0;00.02;0.043055556;25;437;14612;8;6;7;87;1310;31;0;1;0.737288;63;1472;30;0;1;0.677419;0;0;0;0;0;0;240;02/11/2021
blocksworld;move_b_to_t;2;0;00.02;0.052083333;30;535;18081;8;6;7;103;1614;38;0;1;0.730496;63;1472;30;0;1;0.677419;0;0;0;0;0;0;240;02/11/2021
blocksworld;move_b_to_t;2;0;00.02;0.061111111;35;634;21858;8;6;7;120;1936;45;0;1;0.727273;63;1472;30;0;1;0.677419;0;0;0;0;0;0;240;02/11/2021
blocksworld;move_b_to_t;2;0;00.02;1;40;735;25786;9;6;8;138;2269;53;0;1;0.722513;63;1472;30;0;1;0.677419;0;0;0;0;0;0;240;02/11/2021
blocksworld;move_b_to_t;2;0;00.02;00.12;5;71;2481;9;6;8;16;232;6;0;1;0.727273;63;1472;30;0;1;0.677419;0;0;0;0;0;0;240;02/11/2021
blocksworld;move_b_to_t;2;0;00.02;00.25;10;151;5204;9;6;8;30;482;13;0;1;0.697674;63;1472;30;0;1;0.677419;0;0;0;0;0;0;240;02/11/2021
blocksworld;move_b_to_t;2;0;00.02;00.38;15;267;8004;9;6;8;50;738;19;0;1;0.724638;63;1472;30;0;1;0.677419;0;0;0;0;0;0;240;02/11/2021
blocksworld;move_b_to_t;2;0;00.02;00.05;20;339;11221;9;6;8;67;1016;27;0;1;0.712766;63;1472;30;0;1;0.677419;0;0;0;0;0;0;240;02/11/2021
blocksworld;move_b_to_t;2;0;00.02;0.043055556;25;437;14612;9;6;8;87;1310;31;0;1;0.737288;63;1472;30;0;1;0.677419;0;0;0;0;0;0;240;02/11/2021
blocksworld;move_b_to_t;2;0;00.02;0.052083333;30;535;18081;9;6;8;103;1614;38;0;1;0.730496;63;1472;30;0;1;0.677419;0;0;0;0;0;0;240;02/11/2021
blocksworld;move_b_to_t;2;0;00.02;0.061111111;35;634;21858;9;6;8;119;1936;45;1;0.991667;0.72561;63;1472;30;0;1;0.677419;0;0;0;0;0;0;240;02/11/2021
blocksworld;move_t_to_b;2;0;00.02;1;40;735;25786;5;5;5;150;2257;51;2;0.986842;0.746269;63;1472;30;0;1;0.677419;0;0;0;0;0;0;240;02/11/2021
blocksworld;move_t_to_b;2;0;00.02;00.12;5;71;2481;5;5;5;14;233;5;2;0.607638889;0.736842;63;1472;30;0;1;0.677419;0;0;0;0;0;0;240;02/11/2021
blocksworld;move_t_to_b;2;0;00.02;00.25;10;151;5204;5;5;5;31;482;10;2;0.939394;0.756098;63;1472;30;0;1;0.677419;0;0;0;0;0;0;240;02/11/2021
blocksworld;move_t_to_b;2;0;00.02;00.38;15;267;8004;5;5;5;50;739;16;2;0.961538;0.757576;63;1472;30;0;1;0.677419;0;0;0;0;0;0;240;02/11/2021
blocksworld;move_t_to_b;2;0;00.02;00.05;20;339;11221;5;5;5;69;1016;23;2;0.971831;0.052083333;48;1490;12;15;0.761905;00.08;0;0;0;0;0;0;240;02/11/2021
blocksworld;move_t_to_b;2;0;00.02;0.043055556;25;437;14612;5;5;5;92;1305;29;2;0.978723;0.760331;63;1472;30;0;1;0.677419;0;0;0;0;0;0;240;02/11/2021
blocksworld;move_t_to_b;2;0;00.02;0.052083333;30;535;18081;5;5;5;111;1606;36;2;0.982301;0.755102;63;1472;30;0;1;0.677419;0;0;0;0;0;0;240;02/11/2021
blocksworld;move_t_to_b;2;0;00.02;0.061111111;35;634;21858;5;5;5;127;1929;43;2;0.984496;0.747059;63;1472;30;0;1;0.677419;0;0;0;0;0;0;240;02/11/2021
blocksworld;move_t_to_b;2;0;00.02;1;40;735;25786;6;5;6;150;2258;50;2;0.986842;0.052083333;63;1472;30;0;1;0.677419;0;0;0;0;0;0;240;02/11/2021
blocksworld;move_t_to_b;2;0;00.02;00.12;5;71;2481;6;5;6;14;234;4;2;0.607638889;0.777778;63;1472;30;0;1;0.677419;0;0;0;0;0;0;240;02/11/2021
blocksworld;move_t_to_b;2;0;00.02;00.25;10;151;5204;6;5;6;31;482;10;2;0.939394;0.756098;63;1472;30;0;1;0.677419;0;0;0;0;0;0;240;02/11/2021
blocksworld;move_t_to_b;2;0;00.02;00.38;15;267;8004;6;5;6;50;739;16;2;0.961538;0.757576;63;1472;30;0;1;0.677419;0;0;0;0;0;0;240;02/11/2021
blocksworld;move_t_to_b;2;0;00.02;00.05;20;339;11221;6;5;6;69;1016;23;2;0.971831;0.052083333;63;1472;30;0;1;0.677419;0;0;0;0;0;0;240;02/11/2021
blocksworld;move_t_to_b;2;0;00.02;0.043055556;25;437;14612;6;5;6;92;1306;28;2;0.978723;0.766667;63;1472;30;0;1;0.677419;0;0;0;0;0;0;240;02/11/2021
blocksworld;move_t_to_b;2;0;00.02;0.052083333;30;535;18081;6;5;6;111;1607;35;2;0.982301;0.760274;63;1472;30;0;1;0.677419;0;0;0;0;0;0;240;02/11/2021
blocksworld;move_t_to_b;2;0;00.02;0.061111111;35;634;21858;6;5;6;127;1930;42;2;0.984496;0.751479;63;1472;30;0;1;0.677419;0;0;0;0;0;0;240;02/11/2021
blocksworld;move_t_to_b;2;0;00.02;1;40;735;25786;7;6;7;150;2259;49;2;0.986842;0.753769;63;1472;30;0;1;0.677419;0;0;0;0;0;0;240;02/11/2021
blocksworld;move_t_to_b;2;0;00.02;00.12;5;71;2481;7;6;7;14;234;4;2;0.607638889;0.777778;63;1472;30;0;1;0.677419;0;0;0;0;0;0;240;02/11/2021
blocksworld;move_t_to_b;2;0;00.02;00.25;10;151;5204;7;6;7;31;482;10;2;0.939394;0.756098;63;1472;30;0;1;0.677419;0;0;0;0;0;0;240;02/11/2021
blocksworld;move_t_to_b;2;0;00.02;00.38;15;267;8004;7;6;7;50;739;16;2;0.961538;0.757576;63;1472;30;0;1;0.677419;0;0;0;0;0;0;240;02/11/2021
blocksworld;move_t_to_b;2;0;00.02;00.05;20;339;11221;7;6;7;69;1016;23;2;0.971831;0.052083333;63;1472;30;0;1;0.677419;0;0;0;0;0;0;240;02/11/2021
blocksworld;move_t_to_b;2;0;00.02;0.043055556;25;437;14612;7;6;7;92;1306;28;2;0.978723;0.766667;63;1472;30;0;1;0.677419;0;0;0;0;0;0;240;02/11/2021
blocksworld;move_t_to_b;2;0;00.02;0.052083333;30;535;18081;7;6;7;111;1607;35;2;0.982301;0.760274;63;1472;30;0;1;0.677419;0;0;0;0;0;0;240;02/11/2021
blocksworld;move_t_to_b;2;0;00.02;0.061111111;35;634;21858;7;6;7;127;1929;43;2;0.984496;0.747059;63;1472;30;0;1;0.677419;0;0;0;0;0;0;240;02/11/2021
blocksworld;move_t_to_b;2;0;00.02;1;40;735;25786;8;6;7;150;2257;51;2;0.986842;0.746269;63;1472;30;0;1;0.677419;0;0;0;0;0;0;240;02/11/2021
blocksworld;move_t_to_b;2;0;00.02;00.12;5;71;2481;8;6;7;14;234;4;2;0.607638889;0.777778;63;1472;30;0;1;0.677419;0;0;0;0;0;0;240;02/11/2021
blocksworld;move_t_to_b;2;0;00.02;00.25;10;151;5204;8;6;7;31;482;10;2;0.939394;0.756098;63;1472;30;0;1;0.677419;0;0;0;0;0;0;240;02/11/2021
blocksworld;move_t_to_b;2;0;00.02;00.38;15;267;8004;8;6;7;50;739;16;2;0.961538;0.757576;63;1472;30;0;1;0.677419;0;0;0;0;0;0;240;02/11/2021
blocksworld;move_t_to_b;2;0;00.02;00.05;20;339;11221;8;6;7;69;1016;23;2;0.971831;0.052083333;63;1472;30;0;1;0.677419;0;0;0;0;0;0;240;02/11/2021
blocksworld;move_t_to_b;2;0;00.02;0.043055556;25;437;14612;8;6;7;92;1306;28;2;0.978723;0.766667;63;1472;30;0;1;0.677419;0;0;0;0;0;0;240;02/11/2021
blocksworld;move_t_to_b;2;0;00.02;0.052083333;30;535;18081;8;6;7;111;1606;36;2;0.982301;0.755102;63;1472;30;0;1;0.677419;0;0;0;0;0;0;240;02/11/2021
blocksworld;move_t_to_b;2;0;00.02;0.061111111;35;634;21858;8;6;7;127;1929;43;2;0.984496;0.747059;63;1472;30;0;1;0.677419;0;0;0;0;0;0;240;02/11/2021
blocksworld;move_t_to_b;2;0;00.02;1;40;735;25786;9;6;8;150;2257;51;2;0.986842;0.746269;63;1472;30;0;1;0.677419;0;0;0;0;0;0;240;02/11/2021
blocksworld;move_t_to_b;2;0;00.02;00.12;5;71;2481;9;6;8;13;233;5;3;5.642.361.111;0.722222;63;1472;30;0;1;0.677419;0;0;0;0;0;0;240;02/11/2021
blocksworld;move_t_to_b;2;0;00.02;00.25;10;151;5204;9;6;8;31;482;10;2;0.939394;0.756098;63;1472;30;0;1;0.677419;0;0;0;0;0;0;240;02/11/2021
blocksworld;move_t_to_b;2;0;00.02;00.38;15;267;8004;9;6;8;50;739;16;2;0.961538;0.757576;63;1472;30;0;1;0.677419;0;0;0;0;0;0;240;02/11/2021
blocksworld;move_t_to_b;2;0;00.02;00.05;20;339;11221;9;6;8;69;1015;24;2;0.971831;0.741935;63;1472;30;0;1;0.677419;0;0;0;0;0;0;240;02/11/2021
blocksworld;move_t_to_b;2;0;00.02;0.043055556;25;437;14612;9;6;8;92;1305;29;2;0.978723;0.760331;63;1472;30;0;1;0.677419;0;0;0;0;0;0;240;02/11/2021
blocksworld;move_t_to_b;2;0;00.02;0.052083333;30;535;18081;9;6;8;111;1606;36;2;0.982301;0.755102;63;1472;30;0;1;0.677419;0;0;0;0;0;0;240;02/11/2021
blocksworld;move_t_to_b;2;0;00.02;0.061111111;35;634;21858;9;6;8;127;1930;42;2;0.984496;0.751479;63;1472;30;0;1;0.677419;0;0;0;0;0;0;240;02/11/2021
satellite;calibrate;2;0;00.02;00.01;20;508;9908;7;5;5;33;68;43;37;0.471429;0.434211;98;447;469;107;0.478049;0.17284;0;0;0;0;0;0;240;03/11/2021
satellite;calibrate;2;0;00.02;1;193;8362;113576;7;5;5;351;620;590;312;0.529412;0.373007;98;447;469;107;0.478049;0.17284;0;0;0;0;0;0;240;03/11/2021
satellite;calibrate;2;0;00.02;00.12;24;641;11910;7;5;5;37;81;54;41;0.474359;0.406593;98;447;469;107;0.478049;0.17284;0;0;0;0;0;0;240;03/11/2021
satellite;calibrate;2;0;00.02;00.15;28;742;13974;7;5;5;48;89;59;47;0.505263;0.448598;98;447;469;107;0.478049;0.17284;0;0;0;0;0;0;240;03/11/2021
satellite;calibrate;2;0;00.02;00.17;32;930;15994;7;5;5;54;98;62;52;0.509434;0.465517;98;447;469;107;0.478049;0.17284;0;0;0;0;0;0;240;03/11/2021
satellite;calibrate;2;0;00.02;00.19;36;1025;18133;7;5;5;62;104;78;58;0.516667;0.442857;98;447;469;107;0.478049;0.17284;0;0;0;0;0;0;240;03/11/2021
satellite;calibrate;2;0;00.02;00.02;4;126;1923;7;5;5;8;3;6;10;0.444444;0.571429;98;444;472;107;0.478049;0.17193;0;0;0;0;0;0;240;03/11/2021
satellite;calibrate;2;0;00.02;00.21;40;1284;20159;7;5;5;77;113;91;65;0.542254;0.458333;98;447;469;107;0.478049;0.17284;0;0;0;0;0;0;240;03/11/2021
satellite;calibrate;2;0;00.02;00.23;44;1450;22290;7;5;5;84;118;102;70;0.545455;0.451613;98;447;469;107;0.478049;0.17284;0;0;0;0;0;0;240;03/11/2021
satellite;calibrate;2;0;00.02;00.25;48;1513;24538;7;5;5;88;139;126;74;0.54321;0.411215;98;447;469;107;0.478049;0.17284;0;0;0;0;0;0;240;03/11/2021
satellite;calibrate;2;0;00.02;00.27;52;1773;26623;7;5;5;96;151;130;87;0.52459;0.424779;98;447;469;107;0.478049;0.17284;0;0;0;0;0;0;240;03/11/2021
satellite;calibrate;2;0;00.02;00.29;56;1963;28806;7;5;5;101;160;148;92;0.523316;0.405622;98;447;469;107;0.478049;0.17284;0;0;0;0;0;0;240;03/11/2021
satellite;calibrate;2;0;00.02;00.31;60;2248;30905;7;5;5;108;165;148;105;0.507042;0.421875;98;447;469;107;0.478049;0.17284;0;0;0;0;0;0;240;03/11/2021
satellite;calibrate;2;0;00.02;00.33;64;2411;33134;7;5;5;113;179;151;111;0.504464;0.42803;98;447;469;107;0.478049;0.17284;0;0;0;0;0;0;240;03/11/2021
satellite;calibrate;2;0;00.02;00.35;68;2592;35363;7;5;5;118;197;158;115;0.506438;0.427536;98;447;469;107;0.478049;0.17284;0;0;0;0;0;0;240;03/11/2021
satellite;calibrate;2;0;00.02;00.37;72;2739;37650;7;5;5;125;210;172;117;0.516529;0.420875;98;447;469;107;0.478049;0.17284;0;0;0;0;0;0;240;03/11/2021
satellite;calibrate;2;0;00.02;00.39;76;2955;39887;7;5;5;136;223;187;121;0.529183;0.421053;98;447;469;107;0.478049;0.17284;0;0;0;0;0;0;240;03/11/2021
satellite;calibrate;2;0;00.02;00.04;8;272;3843;7;5;5;13;14;15;14;0.481481;0.464286;96;448;468;109;0.468293;0.170213;0;0;0;0;0;0;240;03/11/2021
satellite;calibrate;2;0;00.02;00.41;80;3189;42124;7;5;5;139;231;197;125;0.526515;0.41369;98;447;469;107;0.478049;0.17284;0;0;0;0;0;0;240;03/11/2021
satellite;calibrate;2;0;00.02;00.44;84;3272;44535;7;5;5;147;240;204;130;0.530686;0.418803;98;447;469;107;0.478049;0.17284;0;0;0;0;0;0;240;03/11/2021
satellite;calibrate;2;0;00.02;00.46;88;3502;46820;7;5;5;156;251;222;138;0.530612;0.412698;98;447;469;107;0.478049;0.17284;0;0;0;0;0;0;240;03/11/2021
satellite;calibrate;2;0;00.02;00.48;92;3588;49288;7;5;5;164;264;240;141;0.537705;0.405941;98;447;469;107;0.478049;0.17284;0;0;0;0;0;0;240;03/11/2021
satellite;calibrate;2;0;00.02;00.05;96;3693;51753;7;5;5;172;282;258;148;3,732638889;00.04;98;447;469;107;0.478049;0.17284;0;0;0;0;0;0;240;03/11/2021
satellite;calibrate;2;0;00.02;00.52;100;3952;54100;7;5;5;180;288;260;153;0.540541;0.409091;98;447;469;107;0.478049;0.17284;0;0;0;0;0;0;240;03/11/2021
satellite;calibrate;2;0;00.02;00.54;104;4336;56335;7;5;5;186;298;264;162;0.534483;0.413333;98;447;469;107;0.478049;0.17284;0;0;0;0;0;0;240;03/11/2021
satellite;calibrate;2;0;00.02;00.56;108;4475;58828;7;5;5;196;308;279;167;0.539945;0.412632;98;447;469;107;0.478049;0.17284;0;0;0;0;0;0;240;03/11/2021
satellite;calibrate;2;0;00.02;00.58;112;4556;61392;7;5;5;199;331;303;170;0.539295;0.396414;98;447;469;107;0.478049;0.17284;0;0;0;0;0;0;240;03/11/2021
satellite;calibrate;2;0;00.02;00.06;12;322;5878;7;5;5;19;37;26;19;00.05;0.422222;98;447;469;107;0.478049;0.17284;0;0;0;0;0;0;240;03/11/2021
satellite;calibrate;2;0;00.02;00.06;116;4861;63753;7;5;5;208;341;316;177;0.54026;0.396947;98;447;469;107;0.478049;0.17284;0;0;0;0;0;0;240;03/11/2021
satellite;calibrate;2;0;00.02;0,043055556;120;5005;66297;7;5;5;216;356;342;182;0.542714;0.387097;98;447;469;107;0.478049;0.17284;0;0;0;0;0;0;240;03/11/2021
satellite;calibrate;2;0;00.02;0,044444444;124;5264;68741;7;5;5;230;371;350;195;0.541176;0.396552;98;447;469;107;0.478049;0.17284;0;0;0;0;0;0;240;03/11/2021
satellite;calibrate;2;0;00.02;0,045833333;128;5492;71240;7;5;5;239;385;365;198;0.546911;0.395695;98;447;469;107;0.478049;0.17284;0;0;0;0;0;0;240;03/11/2021
satellite;calibrate;2;0;00.02;0,047222222;132;5827;73659;7;5;5;248;397;378;205;0.547461;0.396166;98;447;469;107;0.478049;0.17284;0;0;0;0;0;0;240;03/11/2021
satellite;calibrate;2;0;00.02;00.07;136;5913;76378;7;5;5;252;411;407;208;0.547826;0.382398;98;447;469;107;0.478049;0.17284;0;0;0;0;0;0;240;03/11/2021
satellite;calibrate;2;0;00.02;0,050694444;140;6020;79097;7;5;5;258;432;414;216;0.544304;0.383929;98;447;469;107;0.478049;0.17284;0;0;0;0;0;0;240;03/11/2021
satellite;calibrate;2;0;00.02;0,052083333;144;6247;81729;7;5;5;269;439;433;221;0.54898;0.383191;98;447;469;107;0.478049;0.17284;0;0;0;0;0;0;240;03/11/2021
satellite;calibrate;2;0;00.02;0,053472222;148;6425;84441;7;5;5;282;455;455;229;0.551859;0.382632;98;447;469;107;0.478049;0.17284;0;0;0;0;0;0;240;03/11/2021
satellite;calibrate;2;0;00.02;0,054861111;152;6745;87058;7;5;5;288;476;455;239;0.54649;0.387618;98;447;469;107;0.478049;0.17284;0;0;0;0;0;0;240;03/11/2021
satellite;calibrate;2;0;00.02;00.08;16;426;7874;7;5;5;29;51;31;35;0.453125;0.483333;98;447;469;107;0.478049;0.17284;0;0;0;0;0;0;240;03/11/2021
satellite;calibrate;2;0;00.02;0,05625;156;6849;89912;7;5;5;300;493;477;244;0.551471;2,68125;98;447;469;107;0.478049;0.17284;0;0;0;0;0;0;240;03/11/2021
satellite;calibrate;2;0;00.02;0,057638889;160;7004;92738;7;5;5;303;514;497;249;0.548913;0.37875;98;447;469;107;0.478049;0.17284;0;0;0;0;0;0;240;03/11/2021
satellite;calibrate;2;0;00.02;0,059027778;164;7246;95509;7;5;5;311;520;496;262;0.542757;0.385378;98;447;469;107;0.478049;0.17284;0;0;0;0;0;0;240;03/11/2021
satellite;calibrate;2;0;00.02;0,060416667;168;7480;98325;7;5;5;317;534;506;269;0.540956;0.385176;98;447;469;107;0.478049;0.17284;0;0;0;0;0;0;240;03/11/2021
satellite;calibrate;2;0;00.02;0,061805556;172;7596;101276;7;5;5;322;547;519;276;0.538462;0.382878;98;447;469;107;0.478049;0.17284;0;0;0;0;0;0;240;03/11/2021
satellite;calibrate;2;0;00.02;0,063194444;175;7625;103076;7;5;5;327;560;540;277;0.541391;0.377163;98;447;469;107;0.478049;0.17284;0;0;0;0;0;0;240;03/11/2021
satellite;calibrate;2;0;00.02;0,063888889;178;7645;104889;7;5;5;327;579;554;279;0.539604;0.371169;98;447;469;107;0.478049;0.17284;0;0;0;0;0;0;240;03/11/2021
satellite;calibrate;2;0;00.02;0,065277778;181;7819;106568;7;5;5;338;581;557;287;3,755555556;0.377654;98;447;469;107;0.478049;0.17284;0;0;0;0;0;0;240;03/11/2021
satellite;calibrate;2;0;00.02;0,065972222;184;7867;108384;7;5;5;340;588;566;292;0.537975;0.375276;98;447;469;107;0.478049;0.17284;0;0;0;0;0;0;240;03/11/2021
satellite;calibrate;2;0;00.02;0,067361111;187;8058;110073;7;5;5;344;595;574;299;0.534992;0.374728;98;447;469;107;0.478049;0.17284;0;0;0;0;0;0;240;03/11/2021
satellite;calibrate;2;0;00.02;0,068055556;190;8162;111863;7;5;5;350;606;585;302;0.53681;0.374332;98;447;469;107;0.478049;0.17284;0;0;0;0;0;0;240;03/11/2021
blocksworld;move_b_to_b;2;0;00.02;00.05;20;316;12094;5;5;6;100;9363;528;79;0.558659;0.159236;105;18715;600;205;0.33871;0.148936;0;0;0;0;0;0;240;03/11/2021
blocksworld;move_b_to_b;2;0;00.02;0,052083333;30;500;18702;5;5;6;177;14446;871;112;0.612457;0.168893;131;18702;613;179;0.422581;0.176075;0;0;0;0;0;0;240;03/11/2021
blocksworld;move_b_to_b;2;0;00.02;1;40;735;25785;5;5;6;152;20770;386;292;0.342342;0.282528;81;19120;195;229;0.26129;0.293478;0;0;0;0;0;0;240;03/11/2021
blocksworld;move_b_to_b;2;0;00.02;00.25;10;156;5884;5;5;6;38;4689;118;51;0.426966;0.24359;92;19050;265;218;0.296774;0.257703;0;0;0;0;0;0;240;03/11/2021
blocksworld;move_b_to_b;2;0;00.02;00.05;20;316;12094;5;5;7;100;9363;528;79;0.558659;0.159236;105;18715;600;205;0.33871;0.148936;0;0;0;0;0;0;240;03/11/2021
blocksworld;move_b_to_b;2;0;00.02;0,052083333;30;500;18702;5;5;7;177;14446;871;112;0.612457;0.168893;131;18702;613;179;0.422581;0.176075;0;0;0;0;0;0;240;03/11/2021
blocksworld;move_b_to_b;2;0;00.02;1;40;735;25785;5;5;7;152;20770;386;292;0.342342;0.282528;81;19120;195;229;0.26129;0.293478;0;0;0;0;0;0;240;03/11/2021
blocksworld;move_b_to_b;2;0;00.02;00.25;10;156;5884;5;5;7;38;4689;118;51;0.426966;0.24359;92;19050;265;218;0.296774;0.257703;0;0;0;0;0;0;240;03/11/2021
blocksworld;move_b_to_b;2;0;00.02;00.05;20;316;12094;5;5;8;100;9363;528;79;0.558659;0.159236;105;18715;600;205;0.33871;0.148936;0;0;0;0;0;0;240;03/11/2021
blocksworld;move_b_to_b;2;0;00.02;0,052083333;30;500;18702;5;5;8;177;14446;871;112;0.612457;0.168893;131;18702;613;179;0.422581;0.176075;0;0;0;0;0;0;240;03/11/2021
blocksworld;move_b_to_b;2;0;00.02;1;40;735;25785;5;5;8;152;20770;386;292;0.342342;0.282528;81;19120;195;229;0.26129;0.293478;0;0;0;0;0;0;240;03/11/2021
blocksworld;move_b_to_b;2;0;00.02;00.25;10;156;5884;5;5;8;38;4689;118;51;0.426966;0.24359;92;19050;265;218;0.296774;0.257703;0;0;0;0;0;0;240;03/11/2021
blocksworld;move_b_to_b;2;0;00.02;00.05;20;316;12094;5;5;9;100;9363;528;79;0.558659;0.159236;105;18715;600;205;0.33871;0.148936;0;0;0;0;0;0;240;03/11/2021
blocksworld;move_b_to_b;2;0;00.02;0,052083333;30;500;18702;5;5;9;177;14446;871;112;0.612457;0.168893;131;18702;613;179;0.422581;0.176075;0;0;0;0;0;0;240;03/11/2021
blocksworld;move_b_to_b;2;0;00.02;1;40;735;25785;5;5;9;152;20770;386;292;0.342342;0.282528;81;19120;195;229;0.26129;0.293478;0;0;0;0;0;0;240;03/11/2021
blocksworld;move_b_to_b;2;0;00.02;00.25;10;156;5884;5;5;9;38;4689;118;51;0.426966;0.24359;92;19050;265;218;0.296774;0.257703;0;0;0;0;0;0;240;03/11/2021
blocksworld;move_b_to_b;2;0;00.02;00.05;20;316;12094;5;5;1;100;9363;528;79;0.558659;0.159236;105;18715;600;205;0.33871;0.148936;0;0;0;0;0;0;240;03/11/2021
blocksworld;move_b_to_b;2;0;00.02;0,052083333;30;500;18702;5;5;1;177;14446;871;112;0.612457;0.168893;131;18702;613;179;0.422581;0.176075;0;0;0;0;0;0;240;03/11/2021
blocksworld;move_b_to_b;2;0;00.02;1;40;735;25785;5;5;1;152;20770;386;292;0.342342;0.282528;81;19120;195;229;0.26129;0.293478;0;0;0;0;0;0;240;03/11/2021
blocksworld;move_b_to_b;2;0;00.02;00.25;10;156;5884;5;5;1;38;4689;118;51;0.426966;0.24359;92;19050;265;218;0.296774;0.257703;0;0;0;0;0;0;240;03/11/2021
blocksworld;move_b_to_b;2;0;00.02;00.05;20;316;12094;5;5;2;70;9700;191;109;0.391061;0.268199;81;19120;195;229;0.26129;0.293478;0;0;0;0;0;0;240;03/11/2021
blocksworld;move_b_to_b;2;0;00.02;0,052083333;30;500;18702;5;5;2;108;15024;293;181;0.373702;0.269327;81;19120;195;229;0.26129;0.293478;0;0;0;0;0;0;240;03/11/2021
blocksworld;move_b_to_b;2;0;00.02;1;40;735;25785;5;5;2;152;20770;386;292;0.342342;0.282528;81;19120;195;229;0.26129;0.293478;0;0;0;0;0;0;240;03/11/2021
blocksworld;move_b_to_b;2;0;00.02;00.25;10;156;5884;5;5;2;35;4716;91;54;0.393258;0.277778;81;19120;195;229;0.26129;0.293478;0;0;0;0;0;0;240;03/11/2021
blocksworld;move_b_to_t;2;0;00.02;00.05;20;316;12094;4;5;6;62;1082;26;0;1;0.704545;63;1472;30;0;1;0.677419;0;0;0;0;0;0;240;03/11/2021
blocksworld;move_b_to_t;2;0;00.02;0,052083333;30;500;18702;4;5;6;99;1661;38;0;1;0.722628;63;1472;30;0;1;0.677419;0;0;0;0;0;0;240;03/11/2021
blocksworld;move_b_to_t;2;0;00.02;1;40;735;25785;4;5;6;138;2269;53;0;1;0.722513;63;1472;30;0;1;0.677419;0;0;0;0;0;0;240;03/11/2021
blocksworld;move_b_to_t;2;0;00.02;00.25;10;156;5884;4;5;6;32;525;15;0;1;0.680851;63;1472;30;0;1;0.677419;0;0;0;0;0;0;240;03/11/2021
blocksworld;move_b_to_t;2;0;00.02;00.05;20;316;12094;4;5;7;62;1082;26;0;1;0.704545;63;1472;30;0;1;0.677419;0;0;0;0;0;0;240;03/11/2021
blocksworld;move_b_to_t;2;0;00.02;0,052083333;30;500;18702;4;5;7;99;1661;38;0;1;0.722628;63;1472;30;0;1;0.677419;0;0;0;0;0;0;240;03/11/2021
blocksworld;move_b_to_t;2;0;00.02;1;40;735;25785;4;5;7;138;2269;53;0;1;0.722513;63;1472;30;0;1;0.677419;0;0;0;0;0;0;240;03/11/2021
blocksworld;move_b_to_t;2;0;00.02;00.25;10;156;5884;4;5;7;32;525;15;0;1;0.680851;63;1472;30;0;1;0.677419;0;0;0;0;0;0;240;03/11/2021
blocksworld;move_b_to_t;2;0;00.02;00.05;20;316;12094;4;5;8;62;1082;26;0;1;0.704545;63;1472;30;0;1;0.677419;0;0;0;0;0;0;240;03/11/2021
blocksworld;move_b_to_t;2;0;00.02;0,052083333;30;500;18702;4;5;8;99;1661;38;0;1;0.722628;63;1472;30;0;1;0.677419;0;0;0;0;0;0;240;03/11/2021
blocksworld;move_b_to_t;2;0;00.02;1;40;735;25785;4;5;8;138;2269;53;0;1;0.722513;63;1472;30;0;1;0.677419;0;0;0;0;0;0;240;03/11/2021
blocksworld;move_b_to_t;2;0;00.02;00.25;10;156;5884;4;5;8;32;525;15;0;1;0.680851;63;1472;30;0;1;0.677419;0;0;0;0;0;0;240;03/11/2021
blocksworld;move_b_to_t;2;0;00.02;00.05;20;316;12094;4;5;9;62;1082;26;0;1;0.704545;63;1472;30;0;1;0.677419;0;0;0;0;0;0;240;03/11/2021
blocksworld;move_b_to_t;2;0;00.02;0,052083333;30;500;18702;4;5;9;99;1661;38;0;1;0.722628;63;1472;30;0;1;0.677419;0;0;0;0;0;0;240;03/11/2021
blocksworld;move_b_to_t;2;0;00.02;1;40;735;25785;4;5;9;138;2269;53;0;1;0.722513;63;1472;30;0;1;0.677419;0;0;0;0;0;0;240;03/11/2021
blocksworld;move_b_to_t;2;0;00.02;00.25;10;156;5884;4;5;9;32;525;15;0;1;0.680851;63;1472;30;0;1;0.677419;0;0;0;0;0;0;240;03/11/2021
blocksworld;move_b_to_t;2;0;00.02;00.05;20;316;12094;4;5;1;62;1082;26;0;1;0.704545;63;1472;30;0;1;0.677419;0;0;0;0;0;0;240;03/11/2021
blocksworld;move_b_to_t;2;0;00.02;0,052083333;30;500;18702;4;5;1;99;1661;38;0;1;0.722628;63;1472;30;0;1;0.677419;0;0;0;0;0;0;240;03/11/2021
blocksworld;move_b_to_t;2;0;00.02;1;40;735;25785;4;5;1;138;2269;53;0;1;0.722513;63;1472;30;0;1;0.677419;0;0;0;0;0;0;240;03/11/2021
blocksworld;move_b_to_t;2;0;00.02;00.25;10;156;5884;4;5;1;32;525;15;0;1;0.680851;63;1472;30;0;1;0.677419;0;0;0;0;0;0;240;03/11/2021
blocksworld;move_b_to_t;2;0;00.02;00.05;20;316;12094;4;5;2;62;1082;26;0;1;0.704545;63;1472;30;0;1;0.677419;0;0;0;0;0;0;240;03/11/2021
blocksworld;move_b_to_t;2;0;00.02;0,052083333;30;500;18702;4;5;2;99;1661;38;0;1;0.722628;63;1472;30;0;1;0.677419;0;0;0;0;0;0;240;03/11/2021
blocksworld;move_b_to_t;2;0;00.02;1;40;735;25785;4;5;2;138;2269;53;0;1;0.722513;63;1472;30;0;1;0.677419;0;0;0;0;0;0;240;03/11/2021
blocksworld;move_b_to_t;2;0;00.02;00.25;10;156;5884;4;5;2;32;525;15;0;1;0.680851;63;1472;30;0;1;0.677419;0;0;0;0;0;0;240;03/11/2021
blocksworld;move_t_to_b;2;0;00.02;00.05;20;316;12094;4;5;6;73;1070;25;2;0.973333;0.744898;63;1472;30;0;1;0.677419;0;0;0;0;0;0;240;03/11/2021
blocksworld;move_t_to_b;2;0;00.02;0,052083333;30;500;18702;4;5;6;110;1649;37;2;0.982143;0.748299;63;1472;30;0;1;0.677419;0;0;0;0;0;0;240;03/11/2021
blocksworld;move_t_to_b;2;0;00.02;1;40;735;25785;4;5;6;151;2257;50;2;0.986928;0.751244;63;1472;30;0;1;0.677419;0;0;0;0;0;0;240;03/11/2021
blocksworld;move_t_to_b;2;0;00.02;00.25;10;156;5884;4;5;6;33;523;14;2;0.942857;0.702128;63;1472;30;0;1;0.677419;0;0;0;0;0;0;240;03/11/2021
blocksworld;move_t_to_b;2;0;00.02;00.05;20;316;12094;4;5;7;73;1070;25;2;0.973333;0.744898;63;1472;30;0;1;0.677419;0;0;0;0;0;0;240;03/11/2021
blocksworld;move_t_to_b;2;0;00.02;0,052083333;30;500;18702;4;5;7;110;1649;37;2;0.982143;0.748299;63;1472;30;0;1;0.677419;0;0;0;0;0;0;240;03/11/2021
blocksworld;move_t_to_b;2;0;00.02;1;40;735;25785;4;5;7;151;2257;50;2;0.986928;0.751244;63;1472;30;0;1;0.677419;0;0;0;0;0;0;240;03/11/2021
blocksworld;move_t_to_b;2;0;00.02;00.25;10;156;5884;4;5;7;33;523;14;2;0.942857;0.702128;63;1472;30;0;1;0.677419;0;0;0;0;0;0;240;03/11/2021
blocksworld;move_t_to_b;2;0;00.02;00.05;20;316;12094;4;5;8;73;1070;25;2;0.973333;0.744898;63;1472;30;0;1;0.677419;0;0;0;0;0;0;240;03/11/2021
blocksworld;move_t_to_b;2;0;00.02;0,052083333;30;500;18702;4;5;8;110;1649;37;2;0.982143;0.748299;63;1472;30;0;1;0.677419;0;0;0;0;0;0;240;03/11/2021
blocksworld;move_t_to_b;2;0;00.02;1;40;735;25785;4;5;8;151;2257;50;2;0.986928;0.751244;63;1472;30;0;1;0.677419;0;0;0;0;0;0;240;03/11/2021
blocksworld;move_t_to_b;2;0;00.02;00.25;10;156;5884;4;5;8;33;523;14;2;0.942857;0.702128;63;1472;30;0;1;0.677419;0;0;0;0;0;0;240;03/11/2021
blocksworld;move_t_to_b;2;0;00.02;00.05;20;316;12094;4;5;9;73;1070;25;2;0.973333;0.744898;63;1472;30;0;1;0.677419;0;0;0;0;0;0;240;03/11/2021
blocksworld;move_t_to_b;2;0;00.02;0,052083333;30;500;18702;4;5;9;110;1649;37;2;0.982143;0.748299;63;1472;30;0;1;0.677419;0;0;0;0;0;0;240;03/11/2021
blocksworld;move_t_to_b;2;0;00.02;1;40;735;25785;4;5;9;151;2257;50;2;0.986928;0.751244;63;1472;30;0;1;0.677419;0;0;0;0;0;0;240;03/11/2021
blocksworld;move_t_to_b;2;0;00.02;00.25;10;156;5884;4;5;9;33;523;14;2;0.942857;0.702128;63;1472;30;0;1;0.677419;0;0;0;0;0;0;240;03/11/2021
blocksworld;move_t_to_b;2;0;00.02;00.05;20;316;12094;4;5;1;73;1070;25;2;0.973333;0.744898;63;1472;30;0;1;0.677419;0;0;0;0;0;0;240;03/11/2021
blocksworld;move_t_to_b;2;0;00.02;0,052083333;30;500;18702;4;5;1;110;1649;37;2;0.982143;0.748299;63;1472;30;0;1;0.677419;0;0;0;0;0;0;240;03/11/2021
blocksworld;move_t_to_b;2;0;00.02;1;40;735;25785;4;5;1;151;2257;50;2;0.986928;0.751244;63;1472;30;0;1;0.677419;0;0;0;0;0;0;240;03/11/2021
blocksworld;move_t_to_b;2;0;00.02;00.25;10;156;5884;4;5;1;33;523;14;2;0.942857;0.702128;63;1472;30;0;1;0.677419;0;0;0;0;0;0;240;03/11/2021
blocksworld;move_t_to_b;2;0;00.02;00.05;20;316;12094;4;5;2;73;1070;25;2;0.973333;0.744898;63;1472;30;0;1;0.677419;0;0;0;0;0;0;240;03/11/2021
blocksworld;move_t_to_b;2;0;00.02;0,052083333;30;500;18702;4;5;2;110;1649;37;2;0.982143;0.748299;63;1472;30;0;1;0.677419;0;0;0;0;0;0;240;03/11/2021
blocksworld;move_t_to_b;2;0;00.02;1;40;735;25785;4;5;2;151;2257;50;2;0.986928;0.751244;63;1472;30;0;1;0.677419;0;0;0;0;0;0;240;03/11/2021
blocksworld;move_t_to_b;2;0;00.02;00.25;10;156;5884;4;5;2;33;523;14;2;0.942857;0.702128;63;1472;30;0;1;0.677419;0;0;0;0;0;0;240;03/11/2021
blocksworld;move_b_to_b;2;0;00.02;1;40;735;25786;5;6;5;152;20770;386;292;0.342342;0.282528;81;19120;195;229;0.26129;0.293478;0;0;0;0;0;0;240;03/11/2021
blocksworld;move_b_to_b;2;0;00.02;00.25;10;169;5872;5;6;5;40;4715;88;53;0.430108;2,170138889;81;19120;195;229;0.26129;0.293478;0;0;0;0;0;0;240;03/11/2021
blocksworld;move_b_to_b;2;0;00.02;00.05;20;347;12064;5;6;5;94;9589;276;111;0.458537;0.254054;92;19050;265;218;0.296774;0.257703;0;0;0;0;0;0;240;03/11/2021
blocksworld;move_b_to_b;2;0;00.02;0,052083333;30;562;18641;5;6;5;122;14984;274;226;0.350575;0.308081;81;19120;195;229;0.26129;0.293478;0;0;0;0;0;0;240;03/11/2021
blocksworld;move_b_to_b;2;0;00.02;1;40;735;25786;5;7;6;152;20770;386;292;0.342342;0.282528;81;19120;195;229;0.26129;0.293478;0;0;0;0;0;0;240;03/11/2021
blocksworld;move_b_to_b;2;0;00.02;00.25;10;169;5872;5;7;6;40;4715;88;53;0.430108;2,170138889;81;19120;195;229;0.26129;0.293478;0;0;0;0;0;0;240;03/11/2021
blocksworld;move_b_to_b;2;0;00.02;00.05;20;347;12064;5;7;6;94;9589;276;111;0.458537;0.254054;92;19050;265;218;0.296774;0.257703;0;0;0;0;0;0;240;03/11/2021
blocksworld;move_b_to_b;2;0;00.02;0,052083333;30;562;18641;5;7;6;122;14984;274;226;0.350575;0.308081;81;19120;195;229;0.26129;0.293478;0;0;0;0;0;0;240;03/11/2021
blocksworld;move_b_to_b;2;0;00.02;1;40;735;25786;6;8;7;209;20231;925;235;0.470721;0.184303;84;18881;434;226;0.270968;0.162162;0;0;0;0;0;0;240;03/11/2021
blocksworld;move_b_to_b;2;0;00.02;00.25;10;169;5872;6;8;7;40;4715;88;53;0.430108;2,170138889;81;19120;195;229;0.26129;0.293478;0;0;0;0;0;0;240;03/11/2021
blocksworld;move_b_to_b;2;0;00.02;00.05;20;347;12064;6;8;7;124;9274;591;81;0.604878;0.173427;172;18464;851;138;0.554839;0.168133;0;0;0;0;0;0;240;03/11/2021
blocksworld;move_b_to_b;2;0;00.02;0,052083333;30;562;18641;6;8;7;213;14324;934;135;0.612069;0.185702;169;18461;854;141;0.545161;1,147222222;0;0;0;0;0;0;240;03/11/2021
blocksworld;move_b_to_b;2;0;00.02;1;40;735;25786;6;9;7;274;19856;1300;170;0.617117;0.174079;179;18378;937;131;0.577419;0.160394;0;0;0;0;0;0;240;03/11/2021
blocksworld;move_b_to_b;2;0;00.02;00.25;10;169;5872;6;9;7;40;4715;88;53;0.430108;2,170138889;81;19120;195;229;0.26129;0.293478;0;0;0;0;0;0;240;03/11/2021
blocksworld;move_b_to_b;2;0;00.02;00.05;20;347;12064;6;9;7;80;9680;185;125;0.390244;0.301887;81;19120;195;229;0.26129;0.293478;0;0;0;0;0;0;240;03/11/2021
blocksworld;move_b_to_b;2;0;00.02;0,052083333;30;562;18641;6;9;7;213;14323;935;135;0.612069;0.18554;169;18461;854;141;0.545161;1,147222222;0;0;0;0;0;0;240;03/11/2021
blocksworld;move_b_to_b;2;0;00.02;1;40;735;25786;6;1;8;274;19855;1301;170;0.617117;0.173968;86;18843;472;224;0.277419;0.154122;0;0;0;0;0;0;240;03/11/2021
blocksworld;move_b_to_b;2;0;00.02;00.25;10;169;5872;6;1;8;40;4715;88;53;0.430108;2,170138889;81;19120;195;229;0.26129;0.293478;0;0;0;0;0;0;240;03/11/2021
blocksworld;move_b_to_b;2;0;00.02;00.05;20;347;12064;6;1;8;127;9261;604;78;0.619512;0.173735;169;18461;854;141;0.545161;1,147222222;0;0;0;0;0;0;240;03/11/2021
blocksworld;move_b_to_b;2;0;00.02;0,052083333;30;562;18641;6;1;8;210;14343;915;138;0.603448;0.186667;172;18464;851;138;0.554839;0.168133;0;0;0;0;0;0;240;03/11/2021
blocksworld;move_b_to_b;2;0;00.02;1;40;735;25786;7;2;9;212;20314;842;232;0.477477;0.201139;76;18972;343;234;0.245161;0.181384;0;0;0;0;0;0;240;03/11/2021
blocksworld;move_b_to_b;2;0;00.02;00.25;10;169;5872;7;2;9;40;4715;88;53;0.430108;2,170138889;81;19120;195;229;0.26129;0.293478;0;0;0;0;0;0;240;03/11/2021
blocksworld;move_b_to_b;2;0;00.02;00.05;20;347;12064;7;2;9;127;9263;602;78;0.619512;0.174211;169;18461;854;141;0.545161;1,147222222;0;0;0;0;0;0;240;03/11/2021
blocksworld;move_b_to_b;2;0;00.02;0,052083333;30;562;18641;7;2;9;210;14342;916;138;0.603448;0.186501;172;18464;851;138;0.554839;0.168133;0;0;0;0;0;0;240;03/11/2021
blocksworld;move_b_to_t;2;0;00.02;1;40;735;25786;4;6;5;138;2269;53;0;1;0.722513;63;1472;30;0;1;0.677419;0;0;0;0;0;0;240;03/11/2021
blocksworld;move_b_to_t;2;0;00.02;00.25;10;169;5872;4;6;5;36;526;10;0;1;0.782609;63;1472;30;0;1;0.677419;0;0;0;0;0;0;240;03/11/2021
blocksworld;move_b_to_t;2;0;00.02;00.05;20;347;12064;4;6;5;66;1080;24;0;1;0.733333;63;1472;30;0;1;0.677419;0;0;0;0;0;0;240;03/11/2021
blocksworld;move_b_to_t;2;0;00.02;0,052083333;30;562;18641;4;6;5;103;1658;37;0;1;0.735714;63;1472;30;0;1;0.677419;0;0;0;0;0;0;240;03/11/2021
blocksworld;move_b_to_t;2;0;00.02;1;40;735;25786;4;7;6;138;2269;53;0;1;0.722513;63;1472;30;0;1;0.677419;0;0;0;0;0;0;240;03/11/2021
blocksworld;move_b_to_t;2;0;00.02;00.25;10;169;5872;4;7;6;36;526;10;0;1;0.782609;63;1472;30;0;1;0.677419;0;0;0;0;0;0;240;03/11/2021
blocksworld;move_b_to_t;2;0;00.02;00.05;20;347;12064;4;7;6;66;1080;24;0;1;0.733333;63;1472;30;0;1;0.677419;0;0;0;0;0;0;240;03/11/2021
blocksworld;move_b_to_t;2;0;00.02;0,052083333;30;562;18641;4;7;6;103;1658;37;0;1;0.735714;63;1472;30;0;1;0.677419;0;0;0;0;0;0;240;03/11/2021
blocksworld;move_b_to_t;2;0;00.02;1;40;735;25786;5;8;7;138;2270;52;0;1;0.726316;29;1489;13;34;0.460317;0.690476;0;0;0;0;0;0;240;03/11/2021
blocksworld;move_b_to_t;2;0;00.02;00.25;10;169;5872;5;8;7;36;526;10;0;1;0.782609;63;1472;30;0;1;0.677419;0;0;0;0;0;0;240;03/11/2021
blocksworld;move_b_to_t;2;0;00.02;00.05;20;347;12064;5;8;7;66;1081;23;0;1;0.741573;56;1475;27;7;0.888889;0.674699;0;0;0;0;0;0;240;03/11/2021
blocksworld;move_b_to_t;2;0;00.02;0,052083333;30;562;18641;5;8;7;103;1659;36;0;1;0.741007;55;1476;26;8;0.873016;0.679012;0;0;0;0;0;0;240;03/11/2021
blocksworld;move_b_to_t;2;0;00.02;1;40;735;25786;5;9;7;138;2270;52;0;1;0.726316;29;1489;13;34;0.460317;0.690476;0;0;0;0;0;0;240;03/11/2021
blocksworld;move_b_to_t;2;0;00.02;00.25;10;169;5872;5;9;7;36;526;10;0;1;0.782609;63;1472;30;0;1;0.677419;0;0;0;0;0;0;240;03/11/2021
blocksworld;move_b_to_t;2;0;00.02;00.05;20;347;12064;5;9;7;66;1081;23;0;1;0.741573;56;1473;29;7;0.888889;0.658824;0;0;0;0;0;0;240;03/11/2021
blocksworld;move_b_to_t;2;0;00.02;0,052083333;30;562;18641;5;9;7;103;1659;36;0;1;0.741007;57;1477;25;6;0.904762;0.695122;0;0;0;0;0;0;240;03/11/2021
blocksworld;move_b_to_t;2;0;00.02;1;40;735;25786;5;1;8;138;2270;52;0;1;0.726316;63;1472;30;0;1;0.677419;0;0;0;0;0;0;240;03/11/2021
blocksworld;move_b_to_t;2;0;00.02;00.25;10;169;5872;5;1;8;36;526;10;0;1;0.782609;63;1472;30;0;1;0.677419;0;0;0;0;0;0;240;03/11/2021
blocksworld;move_b_to_t;2;0;00.02;00.05;20;347;12064;5;1;8;66;1080;24;0;1;0.733333;63;1472;30;0;1;0.677419;0;0;0;0;0;0;240;03/11/2021
blocksworld;move_b_to_t;2;0;00.02;0,052083333;30;562;18641;5;1;8;103;1659;36;0;1;0.741007;55;1473;29;8;0.873016;0.654762;0;0;0;0;0;0;240;03/11/2021
blocksworld;move_b_to_t;2;0;00.02;1;40;735;25786;6;2;9;138;2270;52;0;1;0.726316;63;1472;30;0;1;0.677419;0;0;0;0;0;0;240;03/11/2021
blocksworld;move_b_to_t;2;0;00.02;00.25;10;169;5872;6;2;9;36;526;10;0;1;0.782609;63;1472;30;0;1;0.677419;0;0;0;0;0;0;240;03/11/2021
blocksworld;move_b_to_t;2;0;00.02;00.05;20;347;12064;6;2;9;66;1080;24;0;1;0.733333;63;1472;30;0;1;0.677419;0;0;0;0;0;0;240;03/11/2021
blocksworld;move_b_to_t;2;0;00.02;0,052083333;30;562;18641;6;2;9;103;1658;37;0;1;0.735714;63;1472;30;0;1;0.677419;0;0;0;0;0;0;240;03/11/2021
blocksworld;move_t_to_b;2;0;00.02;1;40;735;25786;4;6;5;150;2257;51;2;0.986842;0.746269;63;1472;30;0;1;0.677419;0;0;0;0;0;0;240;03/11/2021
blocksworld;move_t_to_b;2;0;00.02;00.25;10;169;5872;4;6;5;37;523;10;2;0.948718;0.787234;63;1472;30;0;1;0.677419;0;0;0;0;0;0;240;03/11/2021
blocksworld;move_t_to_b;2;0;00.02;00.05;20;347;12064;4;6;5;73;1073;22;2;0.973333;0.768421;63;1472;30;0;1;0.677419;0;0;0;0;0;0;240;03/11/2021
blocksworld;move_t_to_b;2;0;00.02;0,052083333;30;562;18641;4;6;5;108;1653;35;2;0.981818;0.755245;63;1472;30;0;1;0.677419;0;0;0;0;0;0;240;03/11/2021
blocksworld;move_t_to_b;2;0;00.02;1;40;735;25786;4;7;6;150;2257;51;2;0.986842;0.746269;63;1472;30;0;1;0.677419;0;0;0;0;0;0;240;03/11/2021
blocksworld;move_t_to_b;2;0;00.02;00.25;10;169;5872;4;7;6;37;523;10;2;0.948718;0.787234;63;1472;30;0;1;0.677419;0;0;0;0;0;0;240;03/11/2021
blocksworld;move_t_to_b;2;0;00.02;00.05;20;347;12064;4;7;6;73;1073;22;2;0.973333;0.768421;63;1472;30;0;1;0.677419;0;0;0;0;0;0;240;03/11/2021
blocksworld;move_t_to_b;2;0;00.02;0,052083333;30;562;18641;4;7;6;108;1653;35;2;0.981818;0.755245;63;1472;30;0;1;0.677419;0;0;0;0;0;0;240;03/11/2021
blocksworld;move_t_to_b;2;0;00.02;1;40;735;25786;5;8;7;150;2257;51;2;0.986842;0.746269;63;1472;30;0;1;0.677419;0;0;0;0;0;0;240;03/11/2021
blocksworld;move_t_to_b;2;0;00.02;00.25;10;169;5872;5;8;7;37;523;10;2;0.948718;0.787234;63;1472;30;0;1;0.677419;0;0;0;0;0;0;240;03/11/2021
blocksworld;move_t_to_b;2;0;00.02;00.05;20;347;12064;5;8;7;73;1073;22;2;0.973333;0.768421;63;1472;30;0;1;0.677419;0;0;0;0;0;0;240;03/11/2021
blocksworld;move_t_to_b;2;0;00.02;0,052083333;30;562;18641;5;8;7;108;1653;35;2;0.981818;0.755245;63;1472;30;0;1;0.677419;0;0;0;0;0;0;240;03/11/2021
blocksworld;move_t_to_b;2;0;00.02;1;40;735;25786;5;9;7;150;2258;50;2;0.986842;0,052083333;63;1472;30;0;1;0.677419;0;0;0;0;0;0;240;03/11/2021
blocksworld;move_t_to_b;2;0;00.02;00.25;10;169;5872;5;9;7;37;523;10;2;0.948718;0.787234;63;1472;30;0;1;0.677419;0;0;0;0;0;0;240;03/11/2021
blocksworld;move_t_to_b;2;0;00.02;00.05;20;347;12064;5;9;7;73;1073;22;2;0.973333;0.768421;63;1472;30;0;1;0.677419;0;0;0;0;0;0;240;03/11/2021
blocksworld;move_t_to_b;2;0;00.02;0,052083333;30;562;18641;5;9;7;108;1653;35;2;0.981818;0.755245;63;1472;30;0;1;0.677419;0;0;0;0;0;0;240;03/11/2021
blocksworld;move_t_to_b;2;0;00.02;1;40;735;25786;5;1;8;150;2257;51;2;0.986842;0.746269;63;1472;30;0;1;0.677419;0;0;0;0;0;0;240;03/11/2021
blocksworld;move_t_to_b;2;0;00.02;00.25;10;169;5872;5;1;8;37;523;10;2;0.948718;0.787234;63;1472;30;0;1;0.677419;0;0;0;0;0;0;240;03/11/2021
blocksworld;move_t_to_b;2;0;00.02;00.05;20;347;12064;5;1;8;73;1073;22;2;0.973333;0.768421;63;1472;30;0;1;0.677419;0;0;0;0;0;0;240;03/11/2021
blocksworld;move_t_to_b;2;0;00.02;0,052083333;30;562;18641;5;1;8;108;1653;35;2;0.981818;0.755245;63;1472;30;0;1;0.677419;0;0;0;0;0;0;240;03/11/2021
blocksworld;move_t_to_b;2;0;00.02;1;40;735;25786;6;2;9;150;2258;50;2;0.986842;0,052083333;63;1472;30;0;1;0.677419;0;0;0;0;0;0;240;03/11/2021
blocksworld;move_t_to_b;2;0;00.02;00.25;10;169;5872;6;2;9;37;523;10;2;0.948718;0.787234;63;1472;30;0;1;0.677419;0;0;0;0;0;0;240;03/11/2021
blocksworld;move_t_to_b;2;0;00.02;00.05;20;347;12064;6;2;9;73;1073;22;2;0.973333;0.768421;63;1472;30;0;1;0.677419;0;0;0;0;0;0;240;03/11/2021
blocksworld;move_t_to_b;2;0;00.02;0,052083333;30;562;18641;6;2;9;108;1654;34;2;0.981818;0.760563;63;1472;30;0;1;0.677419;0;0;0;0;0;0;240;03/11/2021
blocksworld;move_b_to_b;2;0;00.02;1;40;735;25785;6;5;5;152;20770;386;292;0.342342;0.282528;81;19120;195;229;0.26129;0.293478;0;0;0;0;0;0;240;03/11/2021
blocksworld;move_b_to_b;2;0;00.02;00.02;8;102;5202;6;5;5;36;4026;238;20;0.642857;0.131387;172;18464;851;138;0.554839;0.168133;0;0;0;0;0;0;240;03/11/2021
blocksworld;move_b_to_b;2;0;00.02;00.04;16;280;10328;6;5;5;58;8327;150;105;0.355828;0.278846;81;19120;195;229;0.26129;0.293478;0;0;0;0;0;0;240;03/11/2021
blocksworld;move_b_to_b;2;0;00.02;00.06;24;415;15497;6;5;5;81;12483;240;156;0.341772;0.252336;81;19120;195;229;0.26129;0.293478;0;0;0;0;0;0;240;03/11/2021
blocksworld;move_b_to_b;2;0;00.02;00.08;32;605;20611;6;5;5;121;16611;305;243;0.332418;0.284038;81;19120;195;229;0.26129;0.293478;0;0;0;0;0;0;240;03/11/2021
blocksworld;move_b_to_t;2;0;00.02;1;40;735;25785;5;5;5;138;2270;52;0;1;0.726316;57;1477;25;6;0.904762;0.695122;0;0;0;0;0;0;240;03/11/2021
blocksworld;move_b_to_t;2;0;00.02;00.02;8;102;5202;5;5;5;21;454;17;0;1;0.552632;63;1472;30;0;1;0.677419;0;0;0;0;0;0;240;03/11/2021
blocksworld;move_b_to_t;2;0;00.02;00.04;16;280;10328;5;5;5;56;907;21;0;1;0.727273;63;1472;30;0;1;0.677419;0;0;0;0;0;0;240;03/11/2021
blocksworld;move_b_to_t;2;0;00.02;00.06;24;415;15497;5;5;5;82;1363;31;0;1;0.725664;63;1472;30;0;1;0.677419;0;0;0;0;0;0;240;03/11/2021
blocksworld;move_b_to_t;2;0;00.02;00.08;32;605;20611;5;5;5;115;1814;39;0;1;0.746753;63;1472;30;0;1;0.677419;0;0;0;0;0;0;240;03/11/2021
blocksworld;move_t_to_b;2;0;00.02;1;40;735;25785;5;5;5;151;2257;50;2;0.986928;0.751244;63;1472;30;0;1;0.677419;0;0;0;0;0;0;240;03/11/2021
blocksworld;move_t_to_b;2;0;00.02;00.02;8;102;5202;5;5;5;23;450;17;2;0,063888889;0,399305556;63;1472;30;0;1;0.677419;0;0;0;0;0;0;240;03/11/2021
blocksworld;move_t_to_b;2;0;00.02;00.04;16;280;10328;5;5;5;59;902;21;2;0.967213;5,121527778;63;1472;30;0;1;0.677419;0;0;0;0;0;0;240;03/11/2021
blocksworld;move_t_to_b;2;0;00.02;00.06;24;415;15497;5;5;5;94;1349;31;2;0.979167;0,522222222;63;1472;30;0;1;0.677419;0;0;0;0;0;0;240;03/11/2021
blocksworld;move_t_to_b;2;0;00.02;00.08;32;605;20611;5;5;5;124;1804;38;2;0.984127;0.765432;63;1472;30;0;1;0.677419;0;0;0;0;0;0;240;03/11/2021
blocksworld;move_b_to_b;2;0;00.02;1;40;735;25785;6;5;5;202;20353;803;242;0.454955;0.200995;67;18979;336;243;0.216129;0.166253;0;0;0;0;0;0;240;03/11/2021
blocksworld;move_b_to_b;2;0;00.02;00.02;8;102;5202;6;5;5;36;4026;238;20;0.642857;0.131387;172;18464;851;138;0.554839;0.168133;0;0;0;0;0;0;240;03/11/2021
blocksworld;move_b_to_b;2;0;00.02;00.04;16;280;10328;6;5;5;98;7971;506;65;0.601227;0.162252;172;18464;851;138;0.554839;0.168133;0;0;0;0;0;0;240;03/11/2021
blocksworld;move_b_to_b;2;0;00.02;00.06;24;415;15497;6;5;5;150;11927;796;87;0.632911;0.158562;169;18461;854;141;0.545161;1,147222222;0;0;0;0;0;0;240;03/11/2021
blocksworld;move_b_to_b;2;0;00.02;00.08;32;605;20611;6;5;5;174;16181;735;190;0.478022;0.191419;82;18904;411;228;0.264516;0.166329;0;0;0;0;0;0;240;03/11/2021
blocksworld;move_b_to_b;2;0;00.02;1;40;735;25785;6;5;5;152;20770;386;292;0.342342;0.282528;81;19120;195;229;0.26129;0.293478;0;0;0;0;0;0;240;03/11/2021
blocksworld;move_b_to_b;2;0;00.02;00.02;8;102;5202;6;5;5;36;4026;238;20;0.642857;0.131387;172;18464;851;138;0.554839;0.168133;0;0;0;0;0;0;240;03/11/2021
blocksworld;move_b_to_b;2;0;00.02;00.04;16;280;10328;6;5;5;58;8327;150;105;0.355828;0.278846;81;19120;195;229;0.26129;0.293478;0;0;0;0;0;0;240;03/11/2021
blocksworld;move_b_to_b;2;0;00.02;00.06;24;415;15497;6;5;5;81;12483;240;156;0.341772;0.252336;81;19120;195;229;0.26129;0.293478;0;0;0;0;0;0;240;03/11/2021
blocksworld;move_b_to_b;2;0;00.02;00.08;32;605;20611;6;5;5;121;16611;305;243;0.332418;0.284038;81;19120;195;229;0.26129;0.293478;0;0;0;0;0;0;240;03/11/2021
blocksworld;move_b_to_b;2;0;00.02;1;40;735;25785;7;5;6;152;20770;386;292;0.342342;0.282528;81;19120;195;229;0.26129;0.293478;0;0;0;0;0;0;240;03/11/2021
blocksworld;move_b_to_b;2;0;00.02;00.02;8;102;5202;7;5;6;22;4184;80;34;0.392857;0.215686;81;19120;195;229;0.26129;0.293478;0;0;0;0;0;0;240;03/11/2021
blocksworld;move_b_to_b;2;0;00.02;00.04;16;280;10328;7;5;6;58;8327;150;105;0.355828;0.278846;81;19120;195;229;0.26129;0.293478;0;0;0;0;0;0;240;03/11/2021
blocksworld;move_b_to_b;2;0;00.02;00.06;24;415;15497;7;5;6;81;12483;240;156;0.341772;0.252336;81;19120;195;229;0.26129;0.293478;0;0;0;0;0;0;240;03/11/2021
blocksworld;move_b_to_b;2;0;00.02;00.08;32;605;20611;7;5;6;121;16611;305;243;0.332418;0.284038;81;19120;195;229;0.26129;0.293478;0;0;0;0;0;0;240;03/11/2021
blocksworld;move_b_to_b;2;0;00.02;1;40;735;25785;6;5;5;202;20353;803;242;0.454955;0.200995;67;18979;336;243;0.216129;0.166253;0;0;0;0;0;0;240;03/11/2021
blocksworld;move_b_to_b;2;0;00.02;00.25;10;169;5871;6;5;5;40;4715;88;53;0.430108;2,170138889;81;19120;195;229;0.26129;0.293478;0;0;0;0;0;0;240;03/11/2021
blocksworld;move_b_to_b;2;0;00.02;00.05;20;347;12063;6;5;5;124;9273;592;81;0.604878;0.173184;169;18410;905;141;0.545161;0.157356;0;0;0;0;0;0;240;03/11/2021
blocksworld;move_b_to_b;2;0;00.02;0,052083333;30;562;18640;6;5;5;210;14342;916;138;0.603448;0.186501;179;18378;937;131;0.577419;0.160394;0;0;0;0;0;0;240;03/11/2021
blocksworld;move_b_to_b;2;0;00.02;1;40;735;25785;7;5;5;202;20354;802;242;0.454955;0.201195;67;18979;336;243;0.216129;0.166253;0;0;0;0;0;0;240;03/11/2021
blocksworld;move_b_to_b;2;0;00.02;00.25;10;169;5871;7;5;5;40;4715;88;53;0.430108;2,170138889;81;19120;195;229;0.26129;0.293478;0;0;0;0;0;0;240;03/11/2021
blocksworld;move_b_to_b;2;0;00.02;00.05;20;347;12063;7;5;5;127;9262;603;78;0.619512;0.173973;169;18461;854;141;0.545161;1,147222222;0;0;0;0;0;0;240;03/11/2021
blocksworld;move_b_to_b;2;0;00.02;0,052083333;30;562;18640;7;5;5;122;14984;274;226;0.350575;0.308081;81;19120;195;229;0.26129;0.293478;0;0;0;0;0;0;240;03/11/2021
blocksworld;move_b_to_b;2;0;00.02;1;40;735;25785;8;5;5;274;19855;1301;170;0.617117;0.173968;86;18843;472;224;0.277419;0.154122;0;0;0;0;0;0;240;03/11/2021
blocksworld;move_b_to_b;2;0;00.02;00.25;10;169;5871;8;5;5;40;4715;88;53;0.430108;2,170138889;81;19120;195;229;0.26129;0.293478;0;0;0;0;0;0;240;03/11/2021
blocksworld;move_b_to_b;2;0;00.02;00.05;20;347;12063;8;5;5;127;9261;604;78;0.619512;0.173735;169;18461;854;141;0.545161;1,147222222;0;0;0;0;0;0;240;03/11/2021
blocksworld;move_b_to_b;2;0;00.02;0,052083333;30;562;18640;8;5;5;210;14343;915;138;0.603448;0.186667;169;18410;905;141;0.545161;0.157356;0;0;0;0;0;0;240;03/11/2021
blocksworld;move_b_to_b;2;0;00.02;1;40;735;25785;9;5;5;188;20316;840;256;0.423423;0.182879;69;18977;338;241;0.222581;0.169533;0;0;0;0;0;0;240;03/11/2021
blocksworld;move_b_to_b;2;0;00.02;00.25;10;169;5871;9;5;5;40;4715;88;53;0.430108;2,170138889;81;19120;195;229;0.26129;0.293478;0;0;0;0;0;0;240;03/11/2021
blocksworld;move_b_to_b;2;0;00.02;00.05;20;347;12063;9;5;5;80;9680;185;125;0.390244;0.301887;81;19120;195;229;0.26129;0.293478;0;0;0;0;0;0;240;03/11/2021
blocksworld;move_b_to_b;2;0;00.02;0,052083333;30;562;18640;9;5;5;213;14323;935;135;0.612069;0.18554;169;18410;905;141;0.545161;0.157356;0;0;0;0;0;0;240;03/11/2021
blocksworld;move_b_to_b;2;0;00.02;1;40;735;25785;1;5;5;152;20770;386;292;0.342342;0.282528;81;19120;195;229;0.26129;0.293478;0;0;0;0;0;0;240;03/11/2021
blocksworld;move_b_to_b;2;0;00.02;00.25;10;169;5871;1;5;5;40;4715;88;53;0.430108;2,170138889;81;19120;195;229;0.26129;0.293478;0;0;0;0;0;0;240;03/11/2021
blocksworld;move_b_to_b;2;0;00.02;00.05;20;347;12063;1;5;5;80;9680;185;125;0.390244;0.301887;81;19120;195;229;0.26129;0.293478;0;0;0;0;0;0;240;03/11/2021
blocksworld;move_b_to_b;2;0;00.02;0,052083333;30;562;18640;1;5;5;122;14984;274;226;0.350575;0.308081;81;19120;195;229;0.26129;0.293478;0;0;0;0;0;0;240;03/11/2021
blocksworld;move_b_to_b;2;0;00.02;1;40;735;25785;1;5;5;0;21156;0;444;0;0;81;19120;195;229;0.26129;0.293478;0;0;0;0;0;0;240;03/11/2021
blocksworld;move_b_to_b;2;0;00.02;00.25;10;169;5871;1;5;5;0;4803;0;93;0;0;81;19120;195;229;0.26129;0.293478;0;0;0;0;0;0;240;03/11/2021
blocksworld;move_b_to_b;2;0;00.02;00.05;20;347;12063;1;5;5;0;9865;0;205;0;0;81;19120;195;229;0.26129;0.293478;0;0;0;0;0;0;240;03/11/2021
blocksworld;move_b_to_b;2;0;00.02;0,052083333;30;562;18640;1;5;5;0;15258;0;348;0;0;81;19120;195;229;0.26129;0.293478;0;0;0;0;0;0;240;03/11/2021
blocksworld;move_b_to_t;2;0;00.02;1;40;735;25785;5;5;5;138;2270;52;0;1;0.726316;57;1477;25;6;0.904762;0.695122;0;0;0;0;0;0;240;03/11/2021
blocksworld;move_b_to_t;2;0;00.02;00.25;10;169;5871;5;5;5;36;526;10;0;1;0.782609;63;1472;30;0;1;0.677419;0;0;0;0;0;0;240;03/11/2021
blocksworld;move_b_to_t;2;0;00.02;00.05;20;347;12063;5;5;5;66;1080;24;0;1;0.733333;63;1472;30;0;1;0.677419;0;0;0;0;0;0;240;03/11/2021
blocksworld;move_b_to_t;2;0;00.02;0,052083333;30;562;18640;5;5;5;103;1658;37;0;1;0.735714;63;1472;30;0;1;0.677419;0;0;0;0;0;0;240;03/11/2021
blocksworld;move_b_to_t;2;0;00.02;1;40;735;25785;6;5;5;138;2270;52;0;1;0.726316;55;1473;29;8;0.873016;0.654762;0;0;0;0;0;0;240;03/11/2021
blocksworld;move_b_to_t;2;0;00.02;00.25;10;169;5871;6;5;5;36;526;10;0;1;0.782609;63;1472;30;0;1;0.677419;0;0;0;0;0;0;240;03/11/2021
blocksworld;move_b_to_t;2;0;00.02;00.05;20;347;12063;6;5;5;66;1080;24;0;1;0.733333;63;1472;30;0;1;0.677419;0;0;0;0;0;0;240;03/11/2021
blocksworld;move_b_to_t;2;0;00.02;0,052083333;30;562;18640;6;5;5;103;1659;36;0;1;0.741007;56;1478;24;7;0.888889;00.07;0;0;0;0;0;0;240;03/11/2021
blocksworld;move_b_to_t;2;0;00.02;1;40;735;25785;7;5;5;138;2270;52;0;1;0.726316;63;1472;30;0;1;0.677419;0;0;0;0;0;0;240;03/11/2021
blocksworld;move_b_to_t;2;0;00.02;00.25;10;169;5871;7;5;5;36;526;10;0;1;0.782609;63;1472;30;0;1;0.677419;0;0;0;0;0;0;240;03/11/2021
blocksworld;move_b_to_t;2;0;00.02;00.05;20;347;12063;7;5;5;66;1080;24;0;1;0.733333;63;1472;30;0;1;0.677419;0;0;0;0;0;0;240;03/11/2021
blocksworld;move_b_to_t;2;0;00.02;0,052083333;30;562;18640;7;5;5;103;1658;37;0;1;0.735714;63;1472;30;0;1;0.677419;0;0;0;0;0;0;240;03/11/2021
blocksworld;move_b_to_t;2;0;00.02;1;40;735;25785;8;5;5;138;2270;52;0;1;0.726316;55;1473;29;8;0.873016;0.654762;0;0;0;0;0;0;240;03/11/2021
blocksworld;move_b_to_t;2;0;00.02;00.25;10;169;5871;8;5;5;36;526;10;0;1;0.782609;63;1472;30;0;1;0.677419;0;0;0;0;0;0;240;03/11/2021
blocksworld;move_b_to_t;2;0;00.02;00.05;20;347;12063;8;5;5;66;1080;24;0;1;0.733333;63;1472;30;0;1;0.677419;0;0;0;0;0;0;240;03/11/2021
blocksworld;move_b_to_t;2;0;00.02;0,052083333;30;562;18640;8;5;5;103;1658;37;0;1;0.735714;63;1472;30;0;1;0.677419;0;0;0;0;0;0;240;03/11/2021
blocksworld;move_b_to_t;2;0;00.02;1;40;735;25785;9;5;5;138;2269;53;0;1;0.722513;63;1472;30;0;1;0.677419;0;0;0;0;0;0;240;03/11/2021
blocksworld;move_b_to_t;2;0;00.02;00.25;10;169;5871;9;5;5;36;526;10;0;1;0.782609;63;1472;30;0;1;0.677419;0;0;0;0;0;0;240;03/11/2021
blocksworld;move_b_to_t;2;0;00.02;00.05;20;347;12063;9;5;5;66;1080;24;0;1;0.733333;63;1472;30;0;1;0.677419;0;0;0;0;0;0;240;03/11/2021
blocksworld;move_b_to_t;2;0;00.02;0,052083333;30;562;18640;9;5;5;103;1658;37;0;1;0.735714;63;1472;30;0;1;0.677419;0;0;0;0;0;0;240;03/11/2021
blocksworld;move_b_to_t;2;0;00.02;1;40;735;25785;1;5;5;138;2269;53;0;1;0.722513;63;1472;30;0;1;0.677419;0;0;0;0;0;0;240;03/11/2021
blocksworld;move_b_to_t;2;0;00.02;00.25;10;169;5871;1;5;5;36;526;10;0;1;0.782609;63;1472;30;0;1;0.677419;0;0;0;0;0;0;240;03/11/2021
blocksworld;move_b_to_t;2;0;00.02;00.05;20;347;12063;1;5;5;66;1080;24;0;1;0.733333;63;1472;30;0;1;0.677419;0;0;0;0;0;0;240;03/11/2021
blocksworld;move_b_to_t;2;0;00.02;0,052083333;30;562;18640;1;5;5;103;1658;37;0;1;0.735714;63;1472;30;0;1;0.677419;0;0;0;0;0;0;240;03/11/2021
blocksworld;move_t_to_b;2;0;00.02;1;40;735;25785;5;5;5;151;2258;49;2;0.986928;0,524305556;59;1473;29;4;0.936508;0.670455;0;0;0;0;0;0;240;03/11/2021
blocksworld;move_t_to_b;2;0;00.02;00.25;10;169;5871;5;5;5;38;523;9;2;0,065972222;0.808511;63;1472;30;0;1;0.677419;0;0;0;0;0;0;240;03/11/2021
blocksworld;move_t_to_b;2;0;00.02;00.05;20;347;12063;5;5;5;74;1073;21;2;0.973684;0.778947;63;1472;30;0;1;0.677419;0;0;0;0;0;0;240;03/11/2021
blocksworld;move_t_to_b;2;0;00.02;0,052083333;30;562;18640;5;5;5;109;1653;34;2;0.981982;0.762238;63;1472;30;0;1;0.677419;0;0;0;0;0;0;240;03/11/2021
blocksworld;move_t_to_b;2;0;00.02;1;40;735;25785;6;5;5;151;2257;50;2;0.986928;0.751244;63;1472;30;0;1;0.677419;0;0;0;0;0;0;240;03/11/2021
blocksworld;move_t_to_b;2;0;00.02;00.25;10;169;5871;6;5;5;38;523;9;2;0,065972222;0.808511;63;1472;30;0;1;0.677419;0;0;0;0;0;0;240;03/11/2021
blocksworld;move_t_to_b;2;0;00.02;00.05;20;347;12063;6;5;5;74;1073;21;2;0.973684;0.778947;63;1472;30;0;1;0.677419;0;0;0;0;0;0;240;03/11/2021
blocksworld;move_t_to_b;2;0;00.02;0,052083333;30;562;18640;6;5;5;109;1653;34;2;0.981982;0.762238;63;1472;30;0;1;0.677419;0;0;0;0;0;0;240;03/11/2021
blocksworld;move_t_to_b;2;0;00.02;1;40;735;25785;7;5;5;151;2257;50;2;0.986928;0.751244;63;1472;30;0;1;0.677419;0;0;0;0;0;0;240;03/11/2021
blocksworld;move_t_to_b;2;0;00.02;00.25;10;169;5871;7;5;5;38;523;9;2;0,065972222;0.808511;63;1472;30;0;1;0.677419;0;0;0;0;0;0;240;03/11/2021
blocksworld;move_t_to_b;2;0;00.02;00.05;20;347;12063;7;5;5;74;1073;21;2;0.973684;0.778947;63;1472;30;0;1;0.677419;0;0;0;0;0;0;240;03/11/2021
blocksworld;move_t_to_b;2;0;00.02;0,052083333;30;562;18640;7;5;5;109;1653;34;2;0.981982;0.762238;63;1472;30;0;1;0.677419;0;0;0;0;0;0;240;03/11/2021
blocksworld;move_t_to_b;2;0;00.02;1;40;735;25785;8;5;5;151;2257;50;2;0.986928;0.751244;63;1472;30;0;1;0.677419;0;0;0;0;0;0;240;03/11/2021
blocksworld;move_t_to_b;2;0;00.02;00.25;10;169;5871;8;5;5;38;523;9;2;0,065972222;0.808511;63;1472;30;0;1;0.677419;0;0;0;0;0;0;240;03/11/2021
blocksworld;move_t_to_b;2;0;00.02;00.05;20;347;12063;8;5;5;74;1073;21;2;0.973684;0.778947;63;1472;30;0;1;0.677419;0;0;0;0;0;0;240;03/11/2021
blocksworld;move_t_to_b;2;0;00.02;0,052083333;30;562;18640;8;5;5;109;1653;34;2;0.981982;0.762238;63;1472;30;0;1;0.677419;0;0;0;0;0;0;240;03/11/2021
blocksworld;move_t_to_b;2;0;00.02;1;40;735;25785;9;5;5;151;2257;50;2;0.986928;0.751244;63;1472;30;0;1;0.677419;0;0;0;0;0;0;240;03/11/2021
blocksworld;move_t_to_b;2;0;00.02;00.25;10;169;5871;9;5;5;38;523;9;2;0,065972222;0.808511;63;1472;30;0;1;0.677419;0;0;0;0;0;0;240;03/11/2021
blocksworld;move_t_to_b;2;0;00.02;00.05;20;347;12063;9;5;5;74;1073;21;2;0.973684;0.778947;63;1472;30;0;1;0.677419;0;0;0;0;0;0;240;03/11/2021
blocksworld;move_t_to_b;2;0;00.02;0,052083333;30;562;18640;9;5;5;109;1653;34;2;0.981982;0.762238;63;1472;30;0;1;0.677419;0;0;0;0;0;0;240;03/11/2021
blocksworld;move_t_to_b;2;0;00.02;1;40;735;25785;1;5;5;151;2257;50;2;0.986928;0.751244;63;1472;30;0;1;0.677419;0;0;0;0;0;0;240;03/11/2021
blocksworld;move_t_to_b;2;0;00.02;00.25;10;169;5871;1;5;5;38;523;9;2;0,065972222;0.808511;63;1472;30;0;1;0.677419;0;0;0;0;0;0;240;03/11/2021
blocksworld;move_t_to_b;2;0;00.02;00.05;20;347;12063;1;5;5;74;1073;21;2;0.973684;0.778947;63;1472;30;0;1;0.677419;0;0;0;0;0;0;240;03/11/2021
blocksworld;move_t_to_b;2;0;00.02;0,052083333;30;562;18640;1;5;5;109;1653;34;2;0.981982;0.762238;63;1472;30;0;1;0.677419;0;0;0;0;0;0;240;03/11/2021
blocksworld;move_b_to_b;2;0;00.02;1;40;735;25785;6;5;5;202;20353;803;242;0.454955;0.200995;67;18979;336;243;0.216129;0.166253;0;0;0;0;0;0;240;03/11/2021
blocksworld;move_b_to_b;2;0;00.02;00.25;10;169;5871;5;5;6;40;4715;88;53;0.430108;2,170138889;81;19120;195;229;0.26129;0.293478;0;0;0;0;0;0;240;03/11/2021
blocksworld;move_b_to_b;2;0;00.02;00.05;20;347;12063;5;5;6;94;9589;276;111;0.458537;0.254054;92;19050;265;218;0.296774;0.257703;0;0;0;0;0;0;240;03/11/2021
blocksworld;move_b_to_b;2;0;00.02;0,052083333;30;562;18640;5;5;6;187;14408;850;161;0.537356;0.180328;105;18742;573;205;0.33871;0.154867;0;0;0;0;0;0;240;03/11/2021
blocksworld;move_b_to_b;2;0;00.02;1;40;735;25785;6;6;5;219;20244;912;225;0.493243;0.193634;80;18872;443;230;0.258065;0.152964;0;0;0;0;0;0;240;03/11/2021
blocksworld;move_b_to_b;2;0;00.02;00.25;10;169;5871;6;5;6;40;4715;88;53;0.430108;2,170138889;81;19120;195;229;0.26129;0.293478;0;0;0;0;0;0;240;03/11/2021
blocksworld;move_b_to_b;2;0;00.02;00.05;20;347;12063;5;6;6;94;9589;276;111;0.458537;0.254054;92;19050;265;218;0.296774;0.257703;0;0;0;0;0;0;240;03/11/2021
blocksworld;move_b_to_b;2;0;00.02;0,052083333;30;562;18640;6;5;6;213;14323;935;135;0.612069;0.18554;169;18410;905;141;0.545161;0.157356;0;0;0;0;0;0;240;03/11/2021
blocksworld;move_b_to_b;2;0;00.02;1;40;735;25785;7;6;5;274;19855;1301;170;0.617117;0.173968;169;18410;905;141;0.545161;0.157356;0;0;0;0;0;0;240;03/11/2021
blocksworld;move_b_to_b;2;0;00.02;00.25;10;169;5871;7;5;6;40;4715;88;53;0.430108;2,170138889;81;19120;195;229;0.26129;0.293478;0;0;0;0;0;0;240;03/11/2021
blocksworld;move_b_to_b;2;0;00.02;00.05;20;347;12063;6;6;6;124;9273;592;81;0.604878;0.173184;183;18331;984;127;0.590323;0.156812;0;0;0;0;0;0;240;03/11/2021
blocksworld;move_b_to_b;2;0;00.02;0,052083333;30;562;18640;6;5;7;213;14323;935;135;0.612069;0.18554;169;18461;854;141;0.545161;1,147222222;0;0;0;0;0;0;240;03/11/2021
blocksworld;move_b_to_b;2;0;00.02;1;40;735;25785;8;6;5;274;19856;1300;170;0.617117;0.174079;86;18843;472;224;0.277419;0.154122;0;0;0;0;0;0;240;03/11/2021
blocksworld;move_b_to_b;2;0;00.02;00.25;10;169;5871;7;5;7;40;4715;88;53;0.430108;2,170138889;81;19120;195;229;0.26129;0.293478;0;0;0;0;0;0;240;03/11/2021
blocksworld;move_b_to_b;2;0;00.02;00.05;20;347;12063;6;7;6;80;9680;185;125;0.390244;0.301887;81;19120;195;229;0.26129;0.293478;0;0;0;0;0;0;240;03/11/2021
blocksworld;move_b_to_b;2;0;00.02;0,052083333;30;562;18640;7;5;7;210;14342;916;138;0.603448;0.186501;179;18378;937;131;0.577419;0.160394;0;0;0;0;0;0;240;03/11/2021
blocksworld;move_b_to_b;2;0;00.02;1;40;735;25785;9;6;5;274;19855;1301;170;0.617117;0.173968;86;18843;472;224;0.277419;0.154122;0;0;0;0;0;0;240;03/11/2021
blocksworld;move_b_to_b;2;0;00.02;00.25;10;169;5871;7;6;7;40;4715;88;53;0.430108;2,170138889;81;19120;195;229;0.26129;0.293478;0;0;0;0;0;0;240;03/11/2021
blocksworld;move_b_to_b;2;0;00.02;00.05;20;347;12063;6;8;6;127;9261;604;78;0.619512;0.173735;169;18461;854;141;0.545161;1,147222222;0;0;0;0;0;0;240;03/11/2021
blocksworld;move_b_to_b;2;0;00.02;0,052083333;30;562;18640;8;5;7;213;14323;935;135;0.612069;0.18554;169;18461;854;141;0.545161;1,147222222;0;0;0;0;0;0;240;03/11/2021
blocksworld;move_b_to_b;2;0;00.02;1;40;735;25785;9;7;5;230;20198;958;214;0.518018;0.193603;82;18904;411;228;0.264516;0.166329;0;0;0;0;0;0;240;03/11/2021
blocksworld;move_b_to_b;2;0;00.02;00.25;10;169;5871;7;6;8;40;4715;88;53;0.430108;2,170138889;81;19120;195;229;0.26129;0.293478;0;0;0;0;0;0;240;03/11/2021
blocksworld;move_b_to_b;2;0;00.02;00.05;20;347;12063;6;9;6;127;9261;604;78;0.619512;0.173735;169;18461;854;141;0.545161;1,147222222;0;0;0;0;0;0;240;03/11/2021
blocksworld;move_b_to_b;2;0;00.02;0,052083333;30;562;18640;8;5;8;213;14323;935;135;0.612069;0.18554;169;18461;854;141;0.545161;1,147222222;0;0;0;0;0;0;240;03/11/2021
blocksworld;move_b_to_t;2;0;00.02;1;40;735;25785;4;5;6;138;2269;53;0;1;0.722513;63;1472;30;0;1;0.677419;0;0;0;0;0;0;240;03/11/2021
blocksworld;move_b_to_t;2;0;00.02;00.25;10;169;5871;5;5;5;36;526;10;0;1;0.782609;63;1472;30;0;1;0.677419;0;0;0;0;0;0;240;03/11/2021
blocksworld;move_b_to_t;2;0;00.02;00.05;20;347;12063;5;5;5;66;1080;24;0;1;0.733333;63;1472;30;0;1;0.677419;0;0;0;0;0;0;240;03/11/2021
blocksworld;move_b_to_t;2;0;00.02;0,052083333;30;562;18640;4;6;5;103;1658;37;0;1;0.735714;63;1472;30;0;1;0.677419;0;0;0;0;0;0;240;03/11/2021
blocksworld;move_b_to_t;2;0;00.02;1;40;735;25785;4;5;7;138;2269;53;0;1;0.722513;63;1472;30;0;1;0.677419;0;0;0;0;0;0;240;03/11/2021
blocksworld;move_b_to_t;2;0;00.02;00.25;10;169;5871;5;5;6;36;526;10;0;1;0.782609;63;1472;30;0;1;0.677419;0;0;0;0;0;0;240;03/11/2021
blocksworld;move_b_to_t;2;0;00.02;00.05;20;347;12063;6;5;5;66;1083;21;0;1;0.758621;7;1495;7;56;0.111111;00.05;0;0;0;0;0;0;240;03/11/2021
blocksworld;move_b_to_t;2;0;00.02;0,052083333;30;562;18640;4;7;5;103;1658;37;0;1;0.735714;63;1472;30;0;1;0.677419;0;0;0;0;0;0;240;03/11/2021
blocksworld;move_b_to_t;2;0;00.02;1;40;735;25785;4;6;7;138;2269;53;0;1;0.722513;63;1472;30;0;1;0.677419;0;0;0;0;0;0;240;03/11/2021
blocksworld;move_b_to_t;2;0;00.02;00.25;10;169;5871;5;5;7;36;526;10;0;1;0.782609;63;1472;30;0;1;0.677419;0;0;0;0;0;0;240;03/11/2021
blocksworld;move_b_to_t;2;0;00.02;00.05;20;347;12063;7;5;5;66;1080;24;0;1;0.733333;63;1472;30;0;1;0.677419;0;0;0;0;0;0;240;03/11/2021
blocksworld;move_b_to_t;2;0;00.02;0,052083333;30;562;18640;4;7;6;103;1658;37;0;1;0.735714;63;1472;30;0;1;0.677419;0;0;0;0;0;0;240;03/11/2021
blocksworld;move_b_to_t;2;0;00.02;1;40;735;25785;4;7;7;138;2269;53;0;1;0.722513;63;1472;30;0;1;0.677419;0;0;0;0;0;0;240;03/11/2021
blocksworld;move_b_to_t;2;0;00.02;00.25;10;169;5871;6;5;7;36;526;10;0;1;0.782609;63;1472;30;0;1;0.677419;0;0;0;0;0;0;240;03/11/2021
blocksworld;move_b_to_t;2;0;00.02;00.05;20;347;12063;7;6;5;66;1080;24;0;1;0.733333;63;1472;30;0;1;0.677419;0;0;0;0;0;0;240;03/11/2021
blocksworld;move_b_to_t;2;0;00.02;0,052083333;30;562;18640;4;8;6;103;1658;37;0;1;0.735714;63;1472;30;0;1;0.677419;0;0;0;0;0;0;240;03/11/2021
blocksworld;move_b_to_t;2;0;00.02;1;40;735;25785;4;8;7;138;2269;53;0;1;0.722513;63;1472;30;0;1;0.677419;0;0;0;0;0;0;240;03/11/2021
blocksworld;move_b_to_t;2;0;00.02;00.25;10;169;5871;7;5;7;36;526;10;0;1;0.782609;63;1472;30;0;1;0.677419;0;0;0;0;0;0;240;03/11/2021
blocksworld;move_b_to_t;2;0;00.02;00.05;20;347;12063;8;6;5;66;1080;24;0;1;0.733333;63;1472;30;0;1;0.677419;0;0;0;0;0;0;240;03/11/2021
blocksworld;move_b_to_t;2;0;00.02;0,052083333;30;562;18640;5;8;6;103;1659;36;0;1;0.741007;55;1476;26;8;0.873016;0.679012;0;0;0;0;0;0;240;03/11/2021
blocksworld;move_b_to_t;2;0;00.02;1;40;735;25785;4;9;7;138;2269;53;0;1;0.722513;63;1472;30;0;1;0.677419;0;0;0;0;0;0;240;03/11/2021
blocksworld;move_b_to_t;2;0;00.02;00.25;10;169;5871;7;5;8;36;526;10;0;1;0.782609;63;1472;30;0;1;0.677419;0;0;0;0;0;0;240;03/11/2021
blocksworld;move_b_to_t;2;0;00.02;00.05;20;347;12063;9;6;5;66;1080;24;0;1;0.733333;63;1472;30;0;1;0.677419;0;0;0;0;0;0;240;03/11/2021
blocksworld;move_b_to_t;2;0;00.02;0,052083333;30;562;18640;5;8;7;103;1659;36;0;1;0.741007;55;1476;26;8;0.873016;0.679012;0;0;0;0;0;0;240;03/11/2021
blocksworld;move_t_to_b;2;0;00.02;1;40;735;25785;5;5;5;151;2258;49;2;0.986928;0,524305556;58;1477;25;5;0.920635;0.698795;0;0;0;0;0;0;240;03/11/2021
blocksworld;move_t_to_b;2;0;00.02;00.25;10;169;5871;4;6;5;38;523;9;2;0,065972222;0.808511;63;1472;30;0;1;0.677419;0;0;0;0;0;0;240;03/11/2021
blocksworld;move_t_to_b;2;0;00.02;00.05;20;347;12063;4;5;6;74;1073;21;2;0.973684;0.778947;63;1472;30;0;1;0.677419;0;0;0;0;0;0;240;03/11/2021
blocksworld;move_t_to_b;2;0;00.02;0,052083333;30;562;18640;5;5;5;109;1653;34;2;0.981982;0.762238;63;1472;30;0;1;0.677419;0;0;0;0;0;0;240;03/11/2021
blocksworld;move_t_to_b;2;0;00.02;1;40;735;25785;5;6;5;151;2258;49;2;0.986928;0,524305556;63;1472;30;0;1;0.677419;0;0;0;0;0;0;240;03/11/2021
blocksworld;move_t_to_b;2;0;00.02;00.25;10;169;5871;4;6;6;38;523;9;2;0,065972222;0.808511;63;1472;30;0;1;0.677419;0;0;0;0;0;0;240;03/11/2021
blocksworld;move_t_to_b;2;0;00.02;00.05;20;347;12063;4;6;6;74;1073;21;2;0.973684;0.778947;63;1472;30;0;1;0.677419;0;0;0;0;0;0;240;03/11/2021
blocksworld;move_t_to_b;2;0;00.02;0,052083333;30;562;18640;5;6;5;109;1654;33;2;0.981982;0.767606;58;1476;26;5;0.920635;0.690476;0;0;0;0;0;0;240;03/11/2021
blocksworld;move_t_to_b;2;0;00.02;1;40;735;25785;5;7;5;151;2258;49;2;0.986928;0,524305556;63;1472;30;0;1;0.677419;0;0;0;0;0;0;240;03/11/2021
blocksworld;move_t_to_b;2;0;00.02;00.25;10;169;5871;4;7;6;38;523;9;2;0,065972222;0.808511;63;1472;30;0;1;0.677419;0;0;0;0;0;0;240;03/11/2021
blocksworld;move_t_to_b;2;0;00.02;00.05;20;347;12063;5;6;6;74;1073;21;2;0.973684;0.778947;63;1472;30;0;1;0.677419;0;0;0;0;0;0;240;03/11/2021
blocksworld;move_t_to_b;2;0;00.02;0,052083333;30;562;18640;5;6;6;109;1653;34;2;0.981982;0.762238;63;1472;30;0;1;0.677419;0;0;0;0;0;0;240;03/11/2021
blocksworld;move_t_to_b;2;0;00.02;1;40;735;25785;5;8;5;151;2258;49;2;0.986928;0,524305556;59;1473;29;4;0.936508;0.670455;0;0;0;0;0;0;240;03/11/2021
blocksworld;move_t_to_b;2;0;00.02;00.25;10;169;5871;5;7;6;38;523;9;2;0,065972222;0.808511;63;1472;30;0;1;0.677419;0;0;0;0;0;0;240;03/11/2021
blocksworld;move_t_to_b;2;0;00.02;00.05;20;347;12063;5;7;6;74;1073;21;2;0.973684;0.778947;63;1472;30;0;1;0.677419;0;0;0;0;0;0;240;03/11/2021
blocksworld;move_t_to_b;2;0;00.02;0,052083333;30;562;18640;5;7;6;109;1653;34;2;0.981982;0.762238;63;1472;30;0;1;0.677419;0;0;0;0;0;0;240;03/11/2021
blocksworld;move_t_to_b;2;0;00.02;1;40;735;25785;6;8;5;151;2257;50;2;0.986928;0.751244;63;1472;30;0;1;0.677419;0;0;0;0;0;0;240;03/11/2021
blocksworld;move_t_to_b;2;0;00.02;00.25;10;169;5871;5;7;7;38;523;9;2;0,065972222;0.808511;63;1472;30;0;1;0.677419;0;0;0;0;0;0;240;03/11/2021
blocksworld;move_t_to_b;2;0;00.02;00.05;20;347;12063;5;8;6;74;1073;21;2;0.973684;0.778947;63;1472;30;0;1;0.677419;0;0;0;0;0;0;240;03/11/2021
blocksworld;move_t_to_b;2;0;00.02;0,052083333;30;562;18640;5;8;6;109;1653;34;2;0.981982;0.762238;63;1472;30;0;1;0.677419;0;0;0;0;0;0;240;03/11/2021
blocksworld;move_t_to_b;2;0;00.02;1;40;735;25785;6;8;6;151;2257;50;2;0.986928;0.751244;63;1472;30;0;1;0.677419;0;0;0;0;0;0;240;03/11/2021
blocksworld;move_t_to_b;2;0;00.02;00.25;10;169;5871;6;7;7;38;523;9;2;0,065972222;0.808511;63;1472;30;0;1;0.677419;0;0;0;0;0;0;240;03/11/2021
blocksworld;move_t_to_b;2;0;00.02;00.05;20;347;12063;5;8;7;74;1073;21;2;0.973684;0.778947;63;1472;30;0;1;0.677419;0;0;0;0;0;0;240;03/11/2021
blocksworld;move_t_to_b;2;0;00.02;0,052083333;30;562;18640;6;8;6;109;1653;34;2;0.981982;0.762238;63;1472;30;0;1;0.677419;0;0;0;0;0;0;240;03/11/2021
blocksworld;move_b_to_b;2;0;00.02;00.05;20;316;12094;6;5;5;70;9700;191;109;0.391061;0.268199;81;19120;195;229;0.26129;0.293478;0;0;0;0;0;0;240;03/11/2021
blocksworld;move_b_to_b;2;0;00.02;0,052083333;30;500;18702;6;5;5;108;15024;293;181;0.373702;0.269327;81;19120;195;229;0.26129;0.293478;0;0;0;0;0;0;240;03/11/2021
blocksworld;move_b_to_b;2;0;00.02;1;40;735;25785;6;5;5;202;20353;803;242;0.454955;0.200995;67;18979;336;243;0.216129;0.166253;0;0;0;0;0;0;240;03/11/2021
blocksworld;move_b_to_b;2;0;00.02;00.25;10;156;5884;6;5;5;58;4499;308;31;0.651685;0.15847;169;18461;854;141;0.545161;1,147222222;0;0;0;0;0;0;240;03/11/2021
blocksworld;move_b_to_b;2;0;00.02;00.05;20;316;12094;7;5;6;112;9308;583;67;0.625698;0.161151;169;18410;905;141;0.545161;0.157356;0;0;0;0;0;0;240;03/11/2021
blocksworld;move_b_to_b;2;0;00.02;0,052083333;30;500;18702;7;5;6;183;14404;913;106;0.633218;0.166971;172;18464;851;138;0.554839;0.168133;0;0;0;0;0;0;240;03/11/2021
blocksworld;move_b_to_b;2;0;00.02;1;40;735;25785;7;5;6;224;20187;969;220;0.504505;0.187762;78;18885;430;232;0.251613;0.153543;0;0;0;0;0;0;240;03/11/2021
blocksworld;move_b_to_b;2;0;00.02;00.25;10;156;5884;7;5;6;52;4535;272;37;0.58427;0.160494;172;18464;851;138;0.554839;0.168133;0;0;0;0;0;0;240;03/11/2021
blocksworld;move_b_to_b;2;0;00.02;00.05;20;316;12094;8;6;7;70;9700;191;109;0.391061;0.268199;81;19120;195;229;0.26129;0.293478;0;0;0;0;0;0;240;03/11/2021
blocksworld;move_b_to_b;2;0;00.02;0,052083333;30;500;18702;8;6;7;183;14404;913;106;0.633218;0.166971;183;18331;984;127;0.590323;0.156812;0;0;0;0;0;0;240;03/11/2021
blocksworld;move_b_to_b;2;0;00.02;1;40;735;25785;8;6;7;152;20770;386;292;0.342342;0.282528;81;19120;195;229;0.26129;0.293478;0;0;0;0;0;0;240;03/11/2021
blocksworld;move_b_to_b;2;0;00.02;00.25;10;156;5884;8;6;7;58;4499;308;31;0.651685;0.15847;169;18461;854;141;0.545161;1,147222222;0;0;0;0;0;0;240;03/11/2021
blocksworld;move_b_to_b;2;0;00.02;00.05;20;316;12094;9;6;7;70;9700;191;109;0.391061;0.268199;81;19120;195;229;0.26129;0.293478;0;0;0;0;0;0;240;03/11/2021
blocksworld;move_b_to_b;2;0;00.02;0,052083333;30;500;18702;9;6;7;139;14674;643;150;0.480969;0.177749;78;18885;430;232;0.251613;0.153543;0;0;0;0;0;0;240;03/11/2021
blocksworld;move_b_to_b;2;0;00.02;1;40;735;25785;9;6;7;274;19855;1301;170;0.617117;0.173968;86;18843;472;224;0.277419;0.154122;0;0;0;0;0;0;240;03/11/2021
blocksworld;move_b_to_b;2;0;00.02;00.25;10;156;5884;9;6;7;58;4499;308;31;0.651685;0.15847;169;18461;854;141;0.545161;1,147222222;0;0;0;0;0;0;240;03/11/2021
blocksworld;move_b_to_b;2;0;00.02;00.05;20;316;12094;1;6;8;70;9700;191;109;0.391061;0.268199;81;19120;195;229;0.26129;0.293478;0;0;0;0;0;0;240;03/11/2021
blocksworld;move_b_to_b;2;0;00.02;0,052083333;30;500;18702;1;6;8;184;14385;932;105;0.636678;0.164875;179;18378;937;131;0.577419;0.160394;0;0;0;0;0;0;240;03/11/2021
blocksworld;move_b_to_b;2;0;00.02;1;40;735;25785;1;6;8;274;19855;1301;170;0.617117;0.173968;86;18843;472;224;0.277419;0.154122;0;0;0;0;0;0;240;03/11/2021
blocksworld;move_b_to_b;2;0;00.02;00.25;10;156;5884;1;6;8;53;4526;281;36;0.595506;0.158683;169;18410;905;141;0.545161;0.157356;0;0;0;0;0;0;240;03/11/2021
blocksworld;move_b_to_b;2;0;00.02;00.05;20;316;12094;1;6;8;0;9891;0;179;0;0;81;19120;195;229;0.26129;0.293478;0;0;0;0;0;0;240;03/11/2021
blocksworld;move_b_to_b;2;0;00.02;0,052083333;30;500;18702;1;6;8;0;15317;0;289;0;0;179;18378;937;131;0.577419;0.160394;0;0;0;0;0;0;240;03/11/2021
blocksworld;move_b_to_b;2;0;00.02;1;40;735;25785;1;6;8;0;21156;0;444;0;0;86;18843;472;224;0.277419;0.154122;0;0;0;0;0;0;240;03/11/2021
blocksworld;move_b_to_b;2;0;00.02;00.25;10;156;5884;1;6;8;0;4807;0;89;0;0;169;18410;905;141;0.545161;0.157356;0;0;0;0;0;0;240;03/11/2021
blocksworld;move_b_to_t;2;0;00.02;00.05;20;316;12094;5;5;5;62;1083;25;0;1;0.712644;55;1473;29;8;0.873016;0.654762;0;0;0;0;0;0;240;03/11/2021
blocksworld;move_b_to_t;2;0;00.02;0,052083333;30;500;18702;5;5;5;99;1662;37;0;1;0.727941;57;1477;25;6;0.904762;0.695122;0;0;0;0;0;0;240;03/11/2021
blocksworld;move_b_to_t;2;0;00.02;1;40;735;25785;5;5;5;138;2270;52;0;1;0.726316;57;1477;25;6;0.904762;0.695122;0;0;0;0;0;0;240;03/11/2021
blocksworld;move_b_to_t;2;0;00.02;00.25;10;156;5884;5;5;5;32;525;15;0;1;0.680851;63;1472;30;0;1;0.677419;0;0;0;0;0;0;240;03/11/2021
blocksworld;move_b_to_t;2;0;00.02;00.05;20;316;12094;6;5;6;62;1083;25;0;1;0.712644;55;1473;29;8;0.873016;0.654762;0;0;0;0;0;0;240;03/11/2021
blocksworld;move_b_to_t;2;0;00.02;0,052083333;30;500;18702;6;5;6;99;1662;37;0;1;0.727941;57;1477;25;6;0.904762;0.695122;0;0;0;0;0;0;240;03/11/2021
blocksworld;move_b_to_t;2;0;00.02;1;40;735;25785;6;5;6;138;2270;52;0;1;0.726316;57;1477;25;6;0.904762;0.695122;0;0;0;0;0;0;240;03/11/2021
blocksworld;move_b_to_t;2;0;00.02;00.25;10;156;5884;6;5;6;32;526;14;0;1;0.695652;63;1472;30;0;1;0.677419;0;0;0;0;0;0;240;03/11/2021
blocksworld;move_b_to_t;2;0;00.02;00.05;20;316;12094;7;6;7;62;1083;25;0;1;0.712644;55;1473;29;8;0.873016;0.654762;0;0;0;0;0;0;240;03/11/2021
blocksworld;move_b_to_t;2;0;00.02;0,052083333;30;500;18702;7;6;7;99;1662;37;0;1;0.727941;55;1473;29;8;0.873016;0.654762;0;0;0;0;0;0;240;03/11/2021
blocksworld;move_b_to_t;2;0;00.02;1;40;735;25785;7;6;7;138;2270;52;0;1;0.726316;63;1472;30;0;1;0.677419;0;0;0;0;0;0;240;03/11/2021
blocksworld;move_b_to_t;2;0;00.02;00.25;10;156;5884;7;6;7;32;526;14;0;1;0.695652;63;1472;30;0;1;0.677419;0;0;0;0;0;0;240;03/11/2021
blocksworld;move_b_to_t;2;0;00.02;00.05;20;316;12094;8;6;7;62;1082;26;0;1;0.704545;63;1472;30;0;1;0.677419;0;0;0;0;0;0;240;03/11/2021
blocksworld;move_b_to_t;2;0;00.02;0,052083333;30;500;18702;8;6;7;99;1662;37;0;1;0.727941;57;1477;25;6;0.904762;0.695122;0;0;0;0;0;0;240;03/11/2021
blocksworld;move_b_to_t;2;0;00.02;1;40;735;25785;8;6;7;138;2270;52;0;1;0.726316;57;1477;25;6;0.904762;0.695122;0;0;0;0;0;0;240;03/11/2021
blocksworld;move_b_to_t;2;0;00.02;00.25;10;156;5884;8;6;7;32;525;15;0;1;0.680851;63;1472;30;0;1;0.677419;0;0;0;0;0;0;240;03/11/2021
blocksworld;move_b_to_t;2;0;00.02;00.05;20;316;12094;9;6;8;62;1083;25;0;1;0.712644;55;1473;29;8;0.873016;0.654762;0;0;0;0;0;0;240;03/11/2021
blocksworld;move_b_to_t;2;0;00.02;0,052083333;30;500;18702;9;6;8;99;1661;38;0;1;0.722628;63;1472;30;0;1;0.677419;0;0;0;0;0;0;240;03/11/2021
blocksworld;move_b_to_t;2;0;00.02;1;40;735;25785;9;6;8;138;2269;53;0;1;0.722513;63;1472;30;0;1;0.677419;0;0;0;0;0;0;240;03/11/2021
blocksworld;move_b_to_t;2;0;00.02;00.25;10;156;5884;9;6;8;32;525;15;0;1;0.680851;63;1472;30;0;1;0.677419;0;0;0;0;0;0;240;03/11/2021
blocksworld;move_b_to_t;2;0;00.02;00.05;20;316;12094;1;7;9;62;1082;26;0;1;0.704545;63;1472;30;0;1;0.677419;0;0;0;0;0;0;240;03/11/2021
blocksworld;move_b_to_t;2;0;00.02;0,052083333;30;500;18702;1;7;9;99;1661;38;0;1;0.722628;63;1472;30;0;1;0.677419;0;0;0;0;0;0;240;03/11/2021
blocksworld;move_b_to_t;2;0;00.02;1;40;735;25785;1;7;9;138;2269;53;0;1;0.722513;63;1472;30;0;1;0.677419;0;0;0;0;0;0;240;03/11/2021
blocksworld;move_b_to_t;2;0;00.02;00.25;10;156;5884;1;7;9;32;525;15;0;1;0.680851;63;1472;30;0;1;0.677419;0;0;0;0;0;0;240;03/11/2021
blocksworld;move_t_to_b;2;0;00.02;00.05;20;316;12094;5;5;5;73;1071;24;2;0.973333;0.752577;59;1473;29;4;0.936508;0.670455;0;0;0;0;0;0;240;03/11/2021
blocksworld;move_t_to_b;2;0;00.02;0,052083333;30;500;18702;5;5;5;110;1649;37;2;0.982143;0.748299;63;1472;30;0;1;0.677419;0;0;0;0;0;0;240;03/11/2021
blocksworld;move_t_to_b;2;0;00.02;1;40;735;25785;5;5;5;151;2257;50;2;0.986928;0.751244;63;1472;30;0;1;0.677419;0;0;0;0;0;0;240;03/11/2021
blocksworld;move_t_to_b;2;0;00.02;00.25;10;156;5884;5;5;5;33;525;12;2;0.942857;0.733333;59;1473;29;4;0.936508;0.670455;0;0;0;0;0;0;240;03/11/2021
blocksworld;move_t_to_b;2;0;00.02;00.05;20;316;12094;6;5;6;73;1070;25;2;0.973333;0.744898;63;1472;30;0;1;0.677419;0;0;0;0;0;0;240;03/11/2021
blocksworld;move_t_to_b;2;0;00.02;0,052083333;30;500;18702;6;5;6;110;1649;37;2;0.982143;0.748299;63;1472;30;0;1;0.677419;0;0;0;0;0;0;240;03/11/2021
blocksworld;move_t_to_b;2;0;00.02;1;40;735;25785;6;5;6;151;2257;50;2;0.986928;0.751244;63;1472;30;0;1;0.677419;0;0;0;0;0;0;240;03/11/2021
blocksworld;move_t_to_b;2;0;00.02;00.25;10;156;5884;6;5;6;33;523;14;2;0.942857;0.702128;63;1472;30;0;1;0.677419;0;0;0;0;0;0;240;03/11/2021
blocksworld;move_t_to_b;2;0;00.02;00.05;20;316;12094;7;6;7;73;1070;25;2;0.973333;0.744898;63;1472;30;0;1;0.677419;0;0;0;0;0;0;240;03/11/2021
blocksworld;move_t_to_b;2;0;00.02;0,052083333;30;500;18702;7;6;7;110;1649;37;2;0.982143;0.748299;63;1472;30;0;1;0.677419;0;0;0;0;0;0;240;03/11/2021
blocksworld;move_t_to_b;2;0;00.02;1;40;735;25785;7;6;7;151;2257;50;2;0.986928;0.751244;63;1472;30;0;1;0.677419;0;0;0;0;0;0;240;03/11/2021
blocksworld;move_t_to_b;2;0;00.02;00.25;10;156;5884;7;6;7;33;523;14;2;0.942857;0.702128;63;1472;30;0;1;0.677419;0;0;0;0;0;0;240;03/11/2021
blocksworld;move_t_to_b;2;0;00.02;00.05;20;316;12094;8;6;7;73;1070;25;2;0.973333;0.744898;63;1472;30;0;1;0.677419;0;0;0;0;0;0;240;03/11/2021
blocksworld;move_t_to_b;2;0;00.02;0,052083333;30;500;18702;8;6;7;110;1649;37;2;0.982143;0.748299;63;1472;30;0;1;0.677419;0;0;0;0;0;0;240;03/11/2021
blocksworld;move_t_to_b;2;0;00.02;1;40;735;25785;8;6;7;151;2257;50;2;0.986928;0.751244;63;1472;30;0;1;0.677419;0;0;0;0;0;0;240;03/11/2021
blocksworld;move_t_to_b;2;0;00.02;00.25;10;156;5884;8;6;7;33;523;14;2;0.942857;0.702128;63;1472;30;0;1;0.677419;0;0;0;0;0;0;240;03/11/2021
blocksworld;move_t_to_b;2;0;00.02;00.05;20;316;12094;9;6;8;73;1070;25;2;0.973333;0.744898;63;1472;30;0;1;0.677419;0;0;0;0;0;0;240;03/11/2021
blocksworld;move_t_to_b;2;0;00.02;0,052083333;30;500;18702;9;6;8;110;1649;37;2;0.982143;0.748299;63;1472;30;0;1;0.677419;0;0;0;0;0;0;240;03/11/2021
blocksworld;move_t_to_b;2;0;00.02;1;40;735;25785;9;6;8;151;2257;50;2;0.986928;0.751244;63;1472;30;0;1;0.677419;0;0;0;0;0;0;240;03/11/2021
blocksworld;move_t_to_b;2;0;00.02;00.25;10;156;5884;9;6;8;33;523;14;2;0.942857;0.702128;63;1472;30;0;1;0.677419;0;0;0;0;0;0;240;03/11/2021
blocksworld;move_t_to_b;2;0;00.02;00.05;20;316;12094;1;7;9;73;1070;25;2;0.973333;0.744898;63;1472;30;0;1;0.677419;0;0;0;0;0;0;240;03/11/2021
blocksworld;move_t_to_b;2;0;00.02;0,052083333;30;500;18702;1;7;9;110;1649;37;2;0.982143;0.748299;63;1472;30;0;1;0.677419;0;0;0;0;0;0;240;03/11/2021
blocksworld;move_t_to_b;2;0;00.02;1;40;735;25785;1;7;9;151;2257;50;2;0.986928;0.751244;63;1472;30;0;1;0.677419;0;0;0;0;0;0;240;03/11/2021
blocksworld;move_t_to_b;2;0;00.02;00.25;10;156;5884;1;7;9;33;523;14;2;0.942857;0.702128;63;1472;30;0;1;0.677419;0;0;0;0;0;0;240;03/11/2021
